﻿<?xml version="1.0" encoding="UTF-8" standalone="yes"?>
<addon id="bybawox.bawolex" name="ByBawo" version="0.0.1" provider-name="ByBawo">
	<extension point="xbmc.addon.repository" name="ByBawo">
		<info compressed="false">ByBawox/Bawolex/master/addons.xml</info>
		<checksum>http://raw.github.com/ByBawox/Bawolex/master/addons.xml.md5</checksum>
		<datadir zip="true">http://raw.github.com/ByBawox/Bawolex/master/repo/</datadir>
	</extension>
	<extension point="xbmc.addon.metadata">
		<summary>ByBawo Addon</summary>
		<description>Addon Description</description>
		<disclaimer></disclaimer>
		<platform>all</platform>
	</extension>
</addon>