<settings>
    <setting id="enable.logo.clearart" type="bool">false</setting>
    <setting id="enable.myflix.opencase" type="bool">false</setting>
    <setting id="enable.myflix.movielogo" type="bool">false</setting>
    <setting id="disable.landscape.tvinfo" type="bool">false</setting>
    <setting id="posterswraplist" type="bool">false</setting>
    <setting id="disable.gradient.fades" type="bool">false</setting>
    <setting id="rightlistlogomovie" type="bool">false</setting>
    <setting id="logo.singlelayout" type="bool">false</setting>
    <setting id="disable.videolyrics" type="bool">false</setting>
    <setting id="kioskmode.enabled" type="bool">false</setting>
    <setting id="enable.landscape.logo" type="bool">false</setting>
    <setting id="disable.rightlistview" type="bool">false</setting>
    <setting id="rainlove" type="bool">true</setting>
    <setting id="useclearcases" type="bool">false</setting>
    <setting id="disable.lowlistview" type="bool">false</setting>
    <setting id="disable.pvrsearch" type="bool">true</setting>
    <setting id="enable.hideratings" type="bool">false</setting>
    <setting id="enable.rightlist.hideposter.episodes" type="bool">false</setting>
    <setting id="animated.skin" type="bool">true</setting>
    <setting id="enable.startupintro" type="bool">false</setting>
    <setting id="disable.wall.tvinfo" type="bool">false</setting>
    <setting id="disclowlist" type="bool">false</setting>
    <setting id="disable.showcase.setinfo" type="bool">false</setting>
    <setting id="disable.bannerwallinfo" type="bool">false</setting>
    <setting id="disable.logoview" type="bool">false</setting>
    <setting id="nohighlist" type="bool">false</setting>
    <setting id="enable.showcase.setlogo" type="bool">false</setting>
    <setting id="weatherfanart.multi" type="bool">false</setting>
    <setting id="disable.showcaseview" type="bool">false</setting>
    <setting id="disable.netflix.pause" type="bool">false</setting>
    <setting id="centermainmenu" type="bool">false</setting>
    <setting id="enable.myflix.episodelogo" type="bool">false</setting>
    <setting id="noindicatorlist" type="bool">false</setting>
    <setting id="inforightlist" type="bool">false</setting>
    <setting id="enable.visiblesubmenu" type="bool">false</setting>
    <setting id="enable.animatedbackgrounds" type="bool">false</setting>
    <setting id="enable.wall.seasonbanner" type="bool">false</setting>
    <setting id="enable.landscape.bannerlogo" type="bool">false</setting>
    <setting id="enable.lowlistartistlogo" type="bool">false</setting>
    <setting id="disable.rightlistthumb" type="bool">false</setting>
    <setting id="infobar_hidesignalinfo" type="bool">true</setting>
    <setting id="enable.caseslivebg" type="bool">false</setting>
    <setting id="disable.videoinfo" type="bool">false</setting>
    <setting id="enable.alternateinfowall" type="bool">false</setting>
    <setting id="disable.bannerwallview" type="bool">false</setting>
    <setting id="enable.showcasesquare.cdart" type="bool">false</setting>
    <setting id="skinhelper.forcedviews.enabled" type="bool">false</setting>
    <setting id="enable.showcase.logo" type="bool">false</setting>
    <setting id="skinhelper.enablemusicart" type="bool">false</setting>
    <setting id="launchmusicfullscreen" type="bool">false</setting>
    <setting id="disable.landscapeview" type="bool">false</setting>
    <setting id="rightlist.alternatemusic" type="bool">false</setting>
    <setting id="disable.shiftview" type="bool">false</setting>
    <setting id="enable.rightlistcdart" type="bool">false</setting>
    <setting id="skinhelper.enableextrafanart" type="bool">false</setting>
    <setting id="enable.logo.moviesetlist" type="bool">false</setting>
    <setting id="enable.wall.bannerlogo" type="bool">false</setting>
    <setting id="melodyhome" type="bool">false</setting>
    <setting id="disable.fullscreenposter" type="bool">false</setting>
    <setting id="disable.black.overlay.main.menu.icons" type="bool">false</setting>
    <setting id="503.infopanel" type="bool">false</setting>
    <setting id="disable.fanarttitle" type="bool">false</setting>
    <setting id="animated.dialog" type="bool">false</setting>
    <setting id="playtheme" type="bool">false</setting>
    <setting id="noindicatorlandscape" type="bool">false</setting>
    <setting id="disable.wall.movieinfo" type="bool">false</setting>
    <setting id="enable.autoopenmediamenuonmouseover" type="bool">false</setting>
    <setting id="rightlistalternatetv" type="bool">false</setting>
    <setting id="list.moviecases" type="bool">false</setting>
    <setting id="disable.system.bar" type="bool">false</setting>
    <setting id="disable.showbackgroundvis" type="bool">false</setting>
    <setting id="enable.landscapenoflow" type="bool">false</setting>
    <setting id="enable.wall.floorinfo.seasons" type="bool">false</setting>
    <setting id="enable.shift.covers" type="bool">false</setting>
    <setting id="disable.wallview" type="bool">false</setting>
    <setting id="disable.main.menu.icon" type="bool">false</setting>
    <setting id="home.hide" type="bool">false</setting>
    <setting id="disable.pvrguide" type="bool">true</setting>
    <setting id="disable.home.menu.bar" type="bool">false</setting>
    <setting id="noextendedinfomovies" type="bool">false</setting>
    <setting id="noshowcaseflow" type="bool">false</setting>
    <setting id="disable.pvrrecordings" type="bool">true</setting>
    <setting id="disable.showcase.tvinfo" type="bool">false</setting>
    <setting id="disable.scrolllabel" type="bool">false</setting>
    <setting id="alternatebiglistlayout" type="bool">false</setting>
    <setting id="enable.myflix.tvlandscape" type="bool">false</setting>
    <setting id="enable.rightlist.hideposter.movies" type="bool">false</setting>
    <setting id="icon.animation" type="bool">false</setting>
    <setting id="landscapewraplist" type="bool">false</setting>
    <setting id="enable.lowlistmovieplot" type="bool">false</setting>
    <setting id="discrightlist" type="bool">false</setting>
    <setting id="enable.wall.setcases" type="bool">false</setting>
    <setting id="disable.rightlistalbum" type="bool">false</setting>
    <setting id="disable.showcase.episodeinfo" type="bool">false</setting>
    <setting id="disable.tripanelview" type="bool">false</setting>
    <setting id="disable.home.menu.bar.vertical" type="bool">false</setting>
    <setting id="enable.lowlist.slidingmoviesetdiscart" type="bool">false</setting>
    <setting id="disable.jukebox" type="bool">false</setting>
    <setting id="enable.rightlist.hideposter.seasons" type="bool">false</setting>
    <setting id="disable.icon.back.home" type="bool">false</setting>
    <setting id="boxsetmod" type="bool">false</setting>
    <setting id="pausedlabel" type="bool">false</setting>
    <setting id="systembarontop" type="bool">false</setting>
    <setting id="disable.nextaired" type="bool">false</setting>
    <setting id="disable.showcasesetcases" type="bool">false</setting>
    <setting id="nohighlistgame" type="bool">false</setting>
    <setting id="disable.landscape.movieinfo" type="bool">false</setting>
    <setting id="disable.submenu.bar" type="bool">false</setting>
    <setting id="enable.manualinfopanel" type="bool">false</setting>
    <setting id="enable.set.livebackground" type="bool">false</setting>
    <setting id="lowlistimdblogo" type="bool">false</setting>
    <setting id="showcasemod" type="bool">false</setting>
    <setting id="disable.resumable" type="bool">false</setting>
    <setting id="disable.pvrtimer" type="bool">true</setting>
    <setting id="togglelowlistcovers" type="bool">false</setting>
    <setting id="enable.logo.unfocusfade" type="bool">false</setting>
    <setting id="alternatelayoutepisode" type="bool">false</setting>
    <setting id="enable.showcase.covers" type="bool">false</setting>
    <setting id="enable.listwidgetautoscroll" type="bool">false</setting>
    <setting id="disable.settings.floor.image" type="bool">false</setting>
    <setting id="enable.infowall.tvbanners" type="bool">false</setting>
    <setting id="rightlistalternate" type="bool">false</setting>
    <setting id="enable.smalliconsinfopopup" type="bool">false</setting>
    <setting id="karellensublabelmovies" type="bool">false</setting>
    <setting id="disable.landscape.episodeinfo" type="bool">false</setting>
    <setting id="skinhelper.disablescreensaveronfullscreenmusic" type="bool">false</setting>
    <setting id="disable.biglistview" type="bool">false</setting>
    <setting id="disable.showcase.movieinfo" type="bool">false</setting>
    <setting id="disable.myflix.mediaflags" type="bool">false</setting>
    <setting id="noextendedinfotvshows" type="bool">false</setting>
    <setting id="enablebigfanplot" type="bool">false</setting>
    <setting id="enable.wall.setbannerlogo" type="bool">false</setting>
    <setting id="disable.showcase.floorinfo.seasons" type="bool">false</setting>
    <setting id="enable.landscape.setbannerlogo" type="bool">false</setting>
    <setting id="enable.tinyfullscreenwallposters" type="bool">false</setting>
    <setting id="enable.showcase.bannerlogo" type="bool">false</setting>
    <setting id="infobar_hidetencrypt" type="bool">true</setting>
    <setting id="disable.icon.back.settings" type="bool">false</setting>
    <setting id="enable.myflix.movielandscape" type="bool">false</setting>
    <setting id="disable.landscape.moviegenre" type="bool">false</setting>
    <setting id="enable.showcase.tvshowgenre" type="bool">false</setting>
    <setting id="enable.myflix.cases" type="bool">false</setting>
    <setting id="noindicatorfanartlist" type="bool">false</setting>
    <setting id="enable.wall.cases" type="bool">false</setting>
    <setting id="enable.infowall.moviebanners" type="bool">false</setting>
    <setting id="videoosdontop" type="bool">false</setting>
    <setting id="disable.boxsetbrochure" type="bool">false</setting>
    <setting id="enable.showcase.tvcovers" type="bool">false</setting>
    <setting id="disable.songlistview" type="bool">false</setting>
    <setting id="enable.iconsinfopopup" type="bool">false</setting>
    <setting id="enable.smallerfullscreenwallposters" type="bool">false</setting>
    <setting id="enable.globalwidgetback" type="bool">false</setting>
    <setting id="noindicatorwall" type="bool">false</setting>
    <setting id="disable.wall.moviegenre" type="bool">false</setting>
    <setting id="enable.showcase.setbannerlogo" type="bool">false</setting>
    <setting id="disable.icon.frames.settings" type="bool">false</setting>
    <setting id="swapfullscreeninfo" type="bool">false</setting>
    <setting id="enable.wall.tvshowgenre" type="bool">false</setting>
    <setting id="enable.bannerwallinfopopup" type="bool">false</setting>
    <setting id="rightlistcovers" type="bool">false</setting>
    <setting id="noindicatorbiglist" type="bool">false</setting>
    <setting id="disable.landscape.setinfo" type="bool">false</setting>
    <setting id="enable.landscape.setlogo" type="bool">false</setting>
    <setting id="enable.autocomplete" type="bool">false</setting>
    <setting id="rightlistlogotv" type="bool">false</setting>
    <setting id="logowraplist" type="bool">false</setting>
    <setting id="disable.bigfanview" type="bool">false</setting>
    <setting id="disable.myflixinfo" type="bool">false</setting>
    <setting id="enable.showcase.seasonbanner" type="bool">false</setting>
    <setting id="disable.musicinfo" type="bool">false</setting>
    <setting id="enable.artistslideshowonhome" type="bool">false</setting>
    <setting id="disable.galleryview" type="bool">false</setting>
    <setting id="skinhelper.enableextraposter" type="bool">false</setting>
    <setting id="icon.animation.settings" type="bool">true</setting>
    <setting id="rightlistlogoartist" type="bool">false</setting>
    <setting id="enable.slimlist" type="bool">false</setting>
    <setting id="enable.fullscreenwallinfopopup" type="bool">false</setting>
    <setting id="disable.searchbutton" type="bool">false</setting>
    <setting id="enable.rightlistinfopopup" type="bool">false</setting>
    <setting id="noindicatorgallery" type="bool">false</setting>
    <setting id="skinhelper.enablepvrthumbs" type="bool">false</setting>
    <setting id="disable.fanartlistview" type="bool">false</setting>
    <setting id="disable.bannerplexview" type="bool">false</setting>
    <setting id="disable.fullscreenwallview" type="bool">false</setting>
    <setting id="enable.hourminuteduration" type="bool">false</setting>
    <setting id="enable.myflix.tvlogo" type="bool">false</setting>
    <setting id="lowlistlogo" type="bool">false</setting>
    <setting id="enable.shift.discart" type="bool">false</setting>
    <setting id="viewinfoplottoggle" type="bool">false</setting>
    <setting id="disable.iconsmenulabel" type="bool">false</setting>
    <setting id="coloredflags" type="bool">false</setting>
    <setting id="disable.episodeview" type="bool">false</setting>
    <setting id="showcasewraplist" type="bool">false</setting>
    <setting id="disable.wall.setinfo" type="bool">false</setting>
    <setting id="disable.rightlist.episodemediaflags" type="bool">false</setting>
    <setting id="enable.autoscroll" type="bool">false</setting>
    <setting id="enable.rightlist.hideposter.tvshows" type="bool">false</setting>
    <setting id="disable.smalliconsview" type="bool">false</setting>
    <setting id="warnedonfilemanager" type="bool">false</setting>
    <setting id="musicdiscfallback.vinyl" type="bool">false</setting>
    <setting id="disable.rightlist.mediaflags" type="bool">false</setting>
    <setting id="centeredinfoline" type="bool">false</setting>
    <setting id="skinhelper.enableextendedart" type="bool">false</setting>
    <setting id="enable.landscape.tvshowgenre" type="bool">false</setting>
    <setting id="disable.myflixview" type="bool">false</setting>
    <setting id="disable.fullscreendiscart" type="bool">false</setting>
    <setting id="disable.fanart" type="bool">true</setting>
    <setting id="disable.postersview" type="bool">false</setting>
    <setting id="skinhelper.enableanimatedposters" type="bool">false</setting>
    <setting id="disable.unwatchedicon" type="bool">false</setting>
    <setting id="enable.shift.small" type="bool">false</setting>
    <setting id="disable.infowallview" type="bool">false</setting>
    <setting id="disable.panelview" type="bool">false</setting>
    <setting id="list.tvshowcases" type="bool">false</setting>
    <setting id="noindicatorshowcase" type="bool">false</setting>
    <setting id="disable.test.grid" type="bool">false</setting>
    <setting id="enable.wall.albumlabels" type="bool">false</setting>
    <setting id="warnedonfullscreeninfo" type="bool">true</setting>
    <setting id="toggleplotlivetv" type="bool">false</setting>
    <setting id="warnedonmusicvizinfo" type="bool">false</setting>
    <setting id="disable.playercontrolbuttons" type="bool">false</setting>
    <setting id="disable.extrafanart" type="bool">true</setting>
    <setting id="enable.wall.setlogo" type="bool">false</setting>
    <setting id="enable.wall.floorinfo.programs" type="bool">false</setting>
    <setting id="disable.rightlist.tvmediaflags" type="bool">false</setting>
    <setting id="disable.showcase.moviegenre" type="bool">false</setting>
    <setting id="disable.showbackgroundvideo" type="bool">false</setting>
    <setting id="disable.topbar" type="bool">true</setting>
    <setting id="disable.iconsview" type="bool">false</setting>
    <setting id="enable.lighterpvrgenrecolors" type="bool">false</setting>
    <setting id="homemenunavvar" type="bool">false</setting>
    <setting id="disable.fullscreeninfologo" type="bool">false</setting>
    <setting id="disable.icon.frames.home" type="bool">false</setting>
    <setting id="enable.rightlistmusicinfo" type="bool">false</setting>
    <setting id="enable.wall.logo" type="bool">false</setting>
    <setting id="SkinShortcuts-FullMenu" type="bool">true</setting>
    <setting id="infobar_hidetuners" type="bool">true</setting>
    <setting id="enable.pvrgenrecolors" type="bool">false</setting>
    <setting id="makeitsnow" type="bool">false</setting>
    <setting id="601.tv.disableoverlay" type="string"></setting>
    <setting id="504.notopbar" type="string"></setting>
    <setting id="themelabelcolor" type="string"></setting>
    <setting id="507.notopbar" type="string"></setting>
    <setting id="unfocusedmainmenucolor" type="string"></setting>
    <setting id="seekbar.rightlabel" type="string"></setting>
    <setting id="501.notopbar" type="string"></setting>
    <setting id="focusedmainmenucolor" type="string"></setting>
    <setting id="skinshortcuts-sharedmenu" type="string">true</setting>
    <setting id="52.tv.disableoverlay" type="string"></setting>
    <setting id="591.notopbar" type="string"></setting>
    <setting id="horizontalrssposition" type="string">low</setting>
    <setting id="iconbackpanelsettings" type="string"></setting>
    <setting id="weathericons.ext" type="string"></setting>
    <setting id="overlay.toggle" type="string"></setting>
    <setting id="iconbackpanelhome" type="string"></setting>
    <setting id="fanarttimeperimage" type="string"></setting>
    <setting id="56.seasons.disableoverlay" type="string"></setting>
    <setting id="499.tv.disableoverlay" type="string"></setting>
    <setting id="51.tv.disableoverlay" type="string"></setting>
    <setting id="505.notopbar" type="string"></setting>
    <setting id="unfocusedsubmenucolor" type="string"></setting>
    <setting id="506.notopbar" type="string"></setting>
    <setting id="unfocusediconframehome" type="string"></setting>
    <setting id="592.notopbar" type="string"></setting>
    <setting id="509.tv.disableoverlay" type="string"></setting>
    <setting id="unfocusedsettingsmenuiconlabelcolor" type="string"></setting>
    <setting id="507.movies.disableoverlay" type="string"></setting>
    <setting id="themehomelabelcolor" type="string"></setting>
    <setting id="CustomIconFrame.path" type="string"></setting>
    <setting id="503.seasons.disableoverlay" type="string"></setting>
    <setting id="SkinHelper.StudioLogos.Path" type="string"></setting>
    <setting id="widget.trans" type="string"></setting>
    <setting id="skinhelper.autoclosevideoosd" type="string"></setting>
    <setting id="507.episodes.disableoverlay" type="string"></setting>
    <setting id="themeosdprogresscolor" type="string"></setting>
    <setting id="499.movies.disableoverlay" type="string"></setting>
    <setting id="topbarcolor" type="string"></setting>
    <setting id="Aeon_Nox_Logo" type="string"></setting>
    <setting id="54.Artists.InfoPanel" type="string"></setting>
    <setting id="500.tv.disableoverlay" type="string"></setting>
    <setting id="focusediconframesettings" type="string"></setting>
    <setting id="Icon.Back.Home" type="string"></setting>
    <setting id="themehomesystembarscolor" type="string"></setting>
    <setting id="500.sets.disableoverlay" type="string"></setting>
    <setting id="weatherfanart.path" type="string"></setting>
    <setting id="506.episodes.viewfloorstatus" type="string"></setting>
    <setting id="weatherfanart.ext" type="string"></setting>
    <setting id="focusediconframehome" type="string"></setting>
    <setting id="unfocusedmainmenuiconlabelcolor" type="string"></setting>
    <setting id="focusedmainmenucolorsettings" type="string"></setting>
    <setting id="unfocusedmainmenucolorsettings" type="string"></setting>
    <setting id="focusedsubmenucolor" type="string"></setting>
    <setting id="508.notopbar" type="string"></setting>
    <setting id="57.Movies.InfoPanel" type="string"></setting>
    <setting id="609.tv.disableoverlay" type="string"></setting>
    <setting id="CustomIconFrameSettings.path" type="string"></setting>
    <setting id="52.Seasons.InfoPanel" type="string"></setting>
    <setting id="homemenubar.vertical" type="string"></setting>
    <setting id="57.tv.disableoverlay" type="string"></setting>
    <setting id="52.sets.disableoverlay" type="string"></setting>
    <setting id="52.episodes.viewflags" type="string"></setting>
    <setting id="52.tv.viewflags" type="string"></setting>
    <setting id="502.notopbar" type="string"></setting>
    <setting id="itemtoedit.multifanart" type="string"></setting>
    <setting id="53.seasons.viewflags" type="string"></setting>
    <setting id="57.TVShows.InfoPanel" type="string"></setting>
    <setting id="503.movies.disableoverlay" type="string"></setting>
    <setting id="50.notopbar" type="string"></setting>
    <setting id="weathericons.path" type="string"></setting>
    <setting id="languageflags" type="string"></setting>
    <setting id="506.movies.viewfloorstatus" type="string"></setting>
    <setting id="myflix.delay" type="string"></setting>
    <setting id="52.TVShows.InfoPanel" type="string"></setting>
    <setting id="mainmenu.layout" type="string"></setting>
    <setting id="59.notopbar" type="string"></setting>
    <setting id="609.sets.disableoverlay" type="string"></setting>
    <setting id="506.tvshows.viewfloorstatus" type="string"></setting>
    <setting id="507.tv.disableoverlay" type="string"></setting>
    <setting id="59.TVShows.InfoPanel" type="string"></setting>
    <setting id="videogenrefanartpath" type="string"></setting>
    <setting id="53.sets.disableoverlay" type="string"></setting>
    <setting id="Apps.Fallback" type="string"></setting>
    <setting id="rssfeedcolor" type="string"></setting>
    <setting id="showcase.delay" type="string"></setting>
    <setting id="homemenubar" type="string"></setting>
    <setting id="itemtoedit.bgtype" type="string"></setting>
    <setting id="57.Seasons.InfoPanel" type="string"></setting>
    <setting id="602.notopbar" type="string"></setting>
    <setting id="503.movies.viewflags" type="string"></setting>
    <setting id="focusedmainmenuiconlabelcolor" type="string"></setting>
    <setting id="58.notopbar" type="string"></setting>
    <setting id="601.notopbar" type="string"></setting>
    <setting id="509.episodes.disableoverlay" type="string"></setting>
    <setting id="Music.Fallback" type="string"></setting>
    <setting id="musicgenrefanartpath" type="string"></setting>
    <setting id="53.seasons.disableoverlay" type="string"></setting>
    <setting id="52.Movies.InfoPanel" type="string"></setting>
    <setting id="59.Sets.InfoPanel" type="string"></setting>
    <setting id="livetv.epgviewtype" type="string"></setting>
    <setting id="infopanel.delay" type="string"></setting>
    <setting id="56.movies.disableoverlay" type="string"></setting>
    <setting id="57.movies.disableoverlay" type="string"></setting>
    <setting id="500.movies.disableoverlay" type="string"></setting>
    <setting id="melodyPlaylist" type="string"></setting>
    <setting id="unfocusediconframesettings" type="string"></setting>
    <setting id="59.Movies.InfoPanel" type="string"></setting>
    <setting id="52.Sets.InfoPanel" type="string"></setting>
    <setting id="609.notopbar" type="string"></setting>
    <setting id="52.movies.disableoverlay" type="string"></setting>
    <setting id="tripanellayout" type="string"></setting>
    <setting id="widget.back" type="string"></setting>
    <setting id="highlightbarcolor" type="string"></setting>
    <setting id="53.Movies.InfoPanel" type="string"></setting>
    <setting id="Profiles.Fallback.path" type="string"></setting>
    <setting id="homebackgroundcolordiffuse" type="string"></setting>
    <setting id="55.notopbar" type="string"></setting>
    <setting id="603.notopbar" type="string"></setting>
    <setting id="601.Movies.InfoPanel" type="string"></setting>
    <setting id="MusicVideos.Fallback" type="string"></setting>
    <setting id="skinhelper.autoclosemusicosd" type="string"></setting>
    <setting id="widget.caseinfo" type="string"></setting>
    <setting id="51.notopbar" type="string"></setting>
    <setting id="54.notopbar" type="string"></setting>
    <setting id="499.notopbar" type="string"></setting>
    <setting id="52.episodes.disableoverlay" type="string"></setting>
    <setting id="Icon.Back.Settings" type="string"></setting>
    <setting id="503.tv.disableoverlay" type="string"></setting>
    <setting id="509.movies.disableoverlay" type="string"></setting>
    <setting id="601.movies.disableoverlay" type="string"></setting>
    <setting id="58.tv.disableoverlay" type="string"></setting>
    <setting id="53.tv.disableoverlay" type="string"></setting>
    <setting id="503.seasons.viewflags" type="string"></setting>
    <setting id="59.tv.viewflags" type="string"></setting>
    <setting id="Home_Custom_Back_TV_Folder" type="string"></setting>
    <setting id="SkinHelper.ShowInfoAtPlaybackStart" type="string"></setting>
    <setting id="unwatchedepcolor" type="string"></setting>
    <setting id="601.TVShows.InfoPanel" type="string"></setting>
    <setting id="myflix.dimmer" type="string"></setting>
    <setting id="500.notopbar" type="string"></setting>
    <setting id="53.notopbar" type="string"></setting>
    <setting id="57.Sets.InfoPanel" type="string"></setting>
    <setting id="509.sets.disableoverlay" type="string"></setting>
    <setting id="52.Artists.InfoPanel" type="string"></setting>
    <setting id="52.movies.viewflags" type="string"></setting>
    <setting id="livetv.infobartype" type="string"></setting>
    <setting id="53.tv.viewflags" type="string"></setting>
    <setting id="52.notopbar" type="string"></setting>
    <setting id="Videos.Fallback" type="string"></setting>
    <setting id="vertical.menu.border" type="string"></setting>
    <setting id="themehomemenubarcolor" type="string">white</setting>
    <setting id="livetv.epgviewchannels" type="string"></setting>
    <setting id="TVShows.Fallback" type="string"></setting>
    <setting id="503.notopbar" type="string"></setting>
    <setting id="53.TVShows.InfoPanel" type="string"></setting>
    <setting id="List.Panel.Back" type="string"></setting>
    <setting id="51.movies.disableoverlay" type="string"></setting>
    <setting id="53.Sets.InfoPanel" type="string"></setting>
    <setting id="53.movies.viewflags" type="string"></setting>
    <setting id="54.Albums.InfoPanel" type="string"></setting>
    <setting id="53.movies.disableoverlay" type="string"></setting>
    <setting id="509.notopbar" type="string"></setting>
    <setting id="56.tv.disableoverlay" type="string"></setting>
    <setting id="infopopup.delay" type="string"></setting>
    <setting id="500.seasons.disableoverlay" type="string"></setting>
    <setting id="56.sets.disableoverlay" type="string"></setting>
    <setting id="57.seasons.disableoverlay" type="string"></setting>
    <setting id="53.Seasons.InfoPanel" type="string"></setting>
    <setting id="customdefaultbackground.path" type="string">special://skin/backgrounds/default_settings.jpg</setting>
    <setting id="focusedsettingsmenuiconlabelcolor" type="string"></setting>
    <setting id="503.tv.viewflags" type="string"></setting>
    <setting id="57.sets.disableoverlay" type="string"></setting>
    <setting id="57.notopbar" type="string"></setting>
    <setting id="59.movies.viewflags" type="string"></setting>
    <setting id="52.Episodes.InfoPanel" type="string"></setting>
    <setting id="LiveTV.Fallback" type="string"></setting>
    <setting id="58.movies.disableoverlay" type="string"></setting>
    <setting id="Movies.Fallback" type="string"></setting>
    <setting id="56.notopbar" type="string"></setting>
    <setting id="609.movies.disableoverlay" type="string"></setting>
    <setting id="system.fallback" type="string"></setting>
</settings>
