<?xml version="1.0" encoding="UTF-8" standalone="yes"?>
<addon id="archa" name="" version="19.0.1+matrix" provider-name="">
    <requires>
        <import addon="xbmc.python" version="3.0.0"/>
        <import addon="script.module.kodi-six" />	

    </requires>
    <extension point="xbmc.python.script" library="main.py">
        <provides>executable</provides>
    </extension>
    <extension point="xbmc.addon.metadata">
        <summary lang="de_DE"></summary>
        <description lang="de_DE"></description>
        <language></language>
        <platform>all</platform>
        <license>unlicense</license>
        <forum></forum>
        <website></website>
        <email></email>
        <source></source>
        <news></news>
        <disclaimer></disclaimer>
        <assets>
            <icon></icon>
            <fanart></fanart>
        </assets>
    </extension>
</addon>