<?xml version="1.0" encoding="UTF-8"?>
<window id="1167" type="dialog">
	<defaultcontrol always="true">8999</defaultcontrol>
	<controls>
		<control type="group">
			<animation type="WindowOpen">
				 <effect type="fade" start="0" end="100"  time="200"/>
				 <effect type="rotatex" start="292" end="0" center="auto" time="600" tween="cubic" easing="Out" reversable="true"/>
			</animation>
			<animation type="WindowClose">
				 <effect type="fade" start="100" end="0" delay="400" time="300"/>
				 <effect type="rotatex" start="0" end="292" center="auto" time="600" tween="cubic" easing="In" reversable="true"/>
			</animation>
			<left>270</left>
			<top>88</top>
			<control type="image">
				<width>1380</width>
				<height>904</height>
				<texture border="40" fallback="listpanel_back.png">$INFO[Skin.String(List.Panel.Back)]</texture>
				<visible>String.IsEmpty(Window(Home).Property(AddonNews))</visible>
			</control>
			<control type="label">
				<left>62</left>
				<top>52</top>
				<width>1256</width>
				<height>40</height>
				<font>font30_title</font>
				<align>center</align>
				<textcolor>white</textcolor>
				<label>Contact Information</label>
			</control>
			<control type="label">
				<left>330</left>
				<top>200</top>
				<width>1256</width>
				<height>40</height>
				<font>font16</font>
				<align>left</align>
				<textcolor>blue</textcolor>
				<label>https://www.facebook.com/groups/NahroTvWatchPro</label>
			</control>
			<control type="label">
				<left>330</left>
				<top>450</top>
				<width>1256</width>
				<height>40</height>
				<font>font16</font>
				<align>left</align>
				<textcolor>red</textcolor>
				<label>https://youtube.com/c/NicolaGrand</label>
			</control>
			<control type="label">
				<left>330</left>
				<top>700</top>
				<width>1256</width>
				<height>40</height>
				<font>font16</font>
				<align>left</align>
				<textcolor>blue</textcolor>
				<label>https://t.me/ByNahroTvPro</label>
			</control>
			<control type="image">
				<top>130</top>
				<left>70</left>
				<width>200</width>
				<height>200</height>
				<texture>contact/facebook.png</texture>
			</control>
			<control type="image">
				<top>380</top>
				<left>70</left>
				<width>200</width>
				<height>200</height>
				<texture>contact/youtube.png</texture>
			</control>
			<control type="image">
				<top>630</top>
				<left>70</left>
				<width>200</width>
				<height>200</height>
				<texture>contact/telegram.png</texture>
			</control>
			<control type="button" id="8999">
				<left>1240</left>
				<top>30</top>
				<width>100</width>
				<height>100</height>
				<focusedcolor>$VAR[ThemeLabelColor]</focusedcolor>
				<onclick>Dialog.Close(1167)</onclick>
				<texturefocus>close_button_nofocus.png</texturefocus>
				<texturenofocus>close_button_focus.png</texturenofocus>
				<visible>system.getbool(input.enablemouse)</visible>
			</control>
		</control>
	</controls>
</window>