<?xml version="1.0" encoding="UTF-8"?>
<window>
	<defaultcontrol always="true">50</defaultcontrol>
	<views>50,51,52,53,55,56,57,58,59,499,500,501,502,503,504,505,506,507,509,591,592,601,602,609</views>
	<menucontrol>9051</menucontrol>
	<onload condition="System.HasAddon(script.tv.show.next.aired) + !Skin.HasSetting(Disable.NextAired) + [Container.Content(tvshows) | Container.Content(seasons) | Container.Content(episodes)]">RunScript(script.tv.show.next.aired,backend=True)</onload>
	<onload>SetProperty(Window.HasSettings,True,Home)</onload>
	<onload>ClearProperty(MediaMenu,Home)</onload>
	<onunload>ClearProperty(MediaMenu,Home)</onunload>
	<onunload>ClearProperty(Window.HasSettings,Home)</onunload>
	<controls>
		<control type="button" id="4400">
			<include>HiddenObject</include>
			<onfocus>SetProperty(Enable.FullscreenFanart,True,Home)</onfocus>
			<onfocus>ActivateWindow(1113)</onfocus>
			<onleft>50</onleft>
			<onright>50</onright>
			<onup>50</onup>
			<ondown>50</ondown>
			<onclick>50</onclick>
		</control>
		<control type="button" id="4401">
			<include>HiddenObject</include>
			<onfocus condition="!Skin.HasSetting(Enable.ManualInfoPanel) | String.IsEmpty(Control.GetLabel(4420))">SetProperty(MediaMenu,True,Home)</onfocus>
			<onfocus condition="!Skin.HasSetting(Enable.ManualInfoPanel) | String.IsEmpty(Control.GetLabel(4420))">SetFocus(9050)</onfocus>
			<onup>SetProperty(MediaMenu,True,Home)</onup>
			<onup>SetFocus(9050)</onup>
			<ondown>50</ondown>
			<onleft>50</onleft>
			<onright>50</onright>
		</control>
		<control type="fadelabel" id="4410">
			<top>-100</top>
			<width>2560</width>
			<height>0</height>
			<scroll>false</scroll>
			<scrollout>false</scrollout>
			<randomize>true</randomize>
			<resetonlabelchange>true</resetonlabelchange>
			<visible>!Skin.HasSetting(Disable.ExtraFanart)</visible>
			<label>$INFO[ListItem.Art(fanart)]</label>
			<label>$INFO[ListItem.Art(fanart1)]</label>
			<label>$INFO[ListItem.Art(fanart2)]</label>
			<label>$INFO[ListItem.Art(fanart3)]</label>
			<label>$INFO[ListItem.Art(fanart4)]</label>
			<label>$INFO[ListItem.Art(fanart5)]</label>
			<label>$INFO[ListItem.Art(fanart6)]</label>
			<label>$INFO[ListItem.Art(fanart7)]</label>
			<label>$INFO[ListItem.Art(fanart8)]</label>
			<label>$INFO[ListItem.Art(fanart9)]</label>
			<label>$INFO[ListItem.Art(fanart10)]</label>
			<label>$INFO[ListItem.Art(fanart11)]</label>
			<label>$INFO[ListItem.Art(fanart12)]</label>
			<label>$INFO[ListItem.Art(fanart13)]</label>
			<label>$INFO[ListItem.Art(fanart14)]</label>
			<label>$INFO[ListItem.Art(fanart15)]</label>
			<label>$INFO[ListItem.Art(fanart16)]</label>
			<label>$INFO[ListItem.Art(fanart17)]</label>
			<label>$INFO[ListItem.Art(fanart18)]</label>
			<label>$INFO[ListItem.Art(fanart19)]</label>
			<label>$INFO[ListItem.Art(fanart20)]</label>
			<label>$INFO[ListItem.Art(tvshow.fanart1)]</label>
			<label>$INFO[ListItem.Art(tvshow.fanart2)]</label>
			<label>$INFO[ListItem.Art(tvshow.fanart3)]</label>
			<label>$INFO[ListItem.Art(tvshow.fanart4)]</label>
			<label>$INFO[ListItem.Art(tvshow.fanart5)]</label>
			<label>$INFO[ListItem.Art(tvshow.fanart6)]</label>
			<label>$INFO[ListItem.Art(tvshow.fanart7)]</label>
			<label>$INFO[ListItem.Art(tvshow.fanart8)]</label>
			<label>$INFO[ListItem.Art(tvshow.fanart9)]</label>
			<label>$INFO[ListItem.Art(tvshow.fanart10)]</label>
			<label>$INFO[ListItem.Art(tvshow.fanart11)]</label>
			<label>$INFO[ListItem.Art(tvshow.fanart12)]</label>
			<label>$INFO[ListItem.Art(tvshow.fanart13)]</label>
			<label>$INFO[ListItem.Art(tvshow.fanart14)]</label>
			<label>$INFO[ListItem.Art(tvshow.fanart15)]</label>
			<label>$INFO[ListItem.Art(tvshow.fanart16)]</label>
			<label>$INFO[ListItem.Art(tvshow.fanart17)]</label>
			<label>$INFO[ListItem.Art(tvshow.fanart18)]</label>
			<label>$INFO[ListItem.Art(tvshow.fanart19)]</label>
			<label>$INFO[ListItem.Art(tvshow.fanart20)]</label>
			<include>FadeLabelTime</include>
		</control>
		<control type="fadelabel" id="4411">
			<top>-100</top>
			<width>2560</width>
			<height>0</height>
			<scrollspeed>20</scrollspeed>
			<scrollout>false</scrollout>
			<randomize>true</randomize>
			<visible>!Skin.HasSetting(Disable.ExtraFanart)</visible>
			<label>$INFO[Container.ListItem.Art(fanart)]</label>
			<label>$INFO[Container.ListItem.Art(fanart1)]</label>
			<label>$INFO[Container.ListItem.Art(fanart2)]</label>
			<label>$INFO[Container.ListItem.Art(fanart3)]</label>
			<label>$INFO[Container.ListItem.Art(fanart4)]</label>
			<label>$INFO[Container.ListItem.Art(fanart5)]</label>
			<label>$INFO[Container.ListItem.Art(fanart6)]</label>
			<label>$INFO[Container.ListItem.Art(fanart7)]</label>
			<label>$INFO[Container.ListItem.Art(fanart8)]</label>
			<label>$INFO[Container.ListItem.Art(fanart9)]</label>
			<label>$INFO[Container.ListItem.Art(fanart10)]</label>
			<label>$INFO[Container.ListItem.Art(fanart11)]</label>
			<label>$INFO[Container.ListItem.Art(fanart12)]</label>
			<label>$INFO[Container.ListItem.Art(fanart13)]</label>
			<label>$INFO[Container.ListItem.Art(fanart14)]</label>
			<label>$INFO[Container.ListItem.Art(fanart15)]</label>
			<label>$INFO[Container.ListItem.Art(fanart16)]</label>
			<label>$INFO[Container.ListItem.Art(fanart17)]</label>
			<label>$INFO[Container.ListItem.Art(fanart18)]</label>
			<label>$INFO[Container.ListItem.Art(fanart19)]</label>
			<label>$INFO[Container.ListItem.Art(fanart20)]</label>
			<label>$INFO[Container.ListItem.Art(tvshow.fanart1)]</label>
			<label>$INFO[Container.ListItem.Art(tvshow.fanart1)]</label>
			<label>$INFO[Container.ListItem.Art(tvshow.fanart2)]</label>
			<label>$INFO[Container.ListItem.Art(tvshow.fanart3)]</label>
			<label>$INFO[Container.ListItem.Art(tvshow.fanart4)]</label>
			<label>$INFO[Container.ListItem.Art(tvshow.fanart5)]</label>
			<label>$INFO[Container.ListItem.Art(tvshow.fanart6)]</label>
			<label>$INFO[Container.ListItem.Art(tvshow.fanart7)]</label>
			<label>$INFO[Container.ListItem.Art(tvshow.fanart8)]</label>
			<label>$INFO[Container.ListItem.Art(tvshow.fanart9)]</label>
			<label>$INFO[Container.ListItem.Art(tvshow.fanart10)]</label>
			<label>$INFO[Container.ListItem.Art(tvshow.fanart11)]</label>
			<label>$INFO[Container.ListItem.Art(tvshow.fanart12)]</label>
			<label>$INFO[Container.ListItem.Art(tvshow.fanart13)]</label>
			<label>$INFO[Container.ListItem.Art(tvshow.fanart14)]</label>
			<label>$INFO[Container.ListItem.Art(tvshow.fanart15)]</label>
			<label>$INFO[Container.ListItem.Art(tvshow.fanart16)]</label>
			<label>$INFO[Container.ListItem.Art(tvshow.fanart17)]</label>
			<label>$INFO[Container.ListItem.Art(tvshow.fanart18)]</label>
			<label>$INFO[Container.ListItem.Art(tvshow.fanart19)]</label>
			<label>$INFO[Container.ListItem.Art(tvshow.fanart20)]</label>
			<include>FadeLabelTime</include>
		</control>
		<control type="label" id="4420">
			<label>$VAR[VideoInfoPanelVar]</label>
			<include>HiddenObject</include>
			<visible>Control.IsVisible(52) | Control.IsVisible(53) | Control.IsVisible(57) | Control.IsVisible(59) | Control.IsVisible(601)</visible>
			<include condition="!String.IsEmpty(Skin.String(InfoPanel.Delay))">InfoPanelDelayAnimation</include>
		</control>
		<include>CommonBackground</include>
		<include>TestGrid</include>
		<control type="group">
			<visible>Control.IsVisible(52) | Control.IsVisible(53) | Control.IsVisible(57) | Control.IsVisible(59) | Control.IsVisible(601)</visible>
			<top>-30</top>
			<include>InfoPanel</include>
		</control>
		<control type="group">
			<include condition="!Skin.HasSetting(Animated.Skin)">WindowOpenCloseAnimation</include>
			<include condition="Skin.HasSetting(Animated.Skin)">WindowOpenCloseAnimationAnimated</include>
			<include condition="!Skin.HasSetting(Enable.SlimList)">VideoList</include>
			<include condition="Skin.HasSetting(Enable.SlimList)">SlimVideoList</include>
			<!-- view id = 50 -->
			<include condition="!Skin.HasSetting(Disable.InfoWallView)">VideoInfoWall</include>
			<!-- view id = 51 -->
			<include condition="!Skin.HasSetting(Disable.LandscapeView)">View_52_Landscape</include>
			<!-- view id = 52 -->
			<include condition="!Skin.HasSetting(Disable.ShowCaseView)">View_53_ShowCase</include>
			<!-- view id = 53 -->
			<include condition="!Skin.HasSetting(Disable.TriPanelView)">VideoTriPanel</include>
			<!-- view id = 55 -->
			<include condition="!Skin.HasSetting(Disable.PostersView)">Video_56_Posters</include>
			<!-- view id = 56 -->
			<include condition="!Skin.HasSetting(Disable.ShiftView)">PosterShift</include>
			<!-- view id = 57 -->
			<include condition="!Skin.HasSetting(Disable.BannerWallView)">BannerWall</include>
			<!-- view id = 58 -->
			<include condition="!Skin.HasSetting(Disable.LogoView)">View_59_Logo</include>
			<!-- view id = 59 -->
			<include condition="!Skin.HasSetting(Disable.SmallIconsView)">SmallIcons</include>
			<!-- view id = 499 -->
			<include condition="!Skin.HasSetting(Disable.IconsView)">VideoIcons</include>
			<!-- view id = 500 -->
			<include condition="!Skin.HasSetting(Disable.LowListView)">VideoLowList</include>
			<!-- view id = 501 -->
			<include condition="!Skin.HasSetting(Disable.EpisodeView)">VideoEpisode</include>
			<!-- view id = 502 -->
			<include condition="!Skin.HasSetting(Disable.WallView)">View_503_Wall</include>
			<!-- view id = 503 -->
			<include condition="!Skin.HasSetting(Disable.GalleryView)">View_504_Gallery</include>
			<!-- view id = 504 -->
			<include condition="!Skin.HasSetting(Disable.PanelView)">View_505_Panel</include>
			<!-- view id = 505 -->
			<include condition="!Skin.HasSetting(Disable.RightListView)">Video_RightList</include>
			<!-- view id = 506 -->
			<include condition="!Skin.HasSetting(Disable.BigListView)">View_507_BigList</include>
			<!-- view id = 507 -->
			<include condition="!Skin.HasSetting(Disable.MyFlixView)">View_509_MyFlix</include>
			<!-- view id = 509 -->
			<include condition="!Skin.HasSetting(Disable.BigFanView)">View_591_BigFan</include>
			<!-- view id = 591 -->
			<include condition="!Skin.HasSetting(Disable.BannerPlexView)">BannerPlex</include>
			<!-- view id = 601 -->
			<include condition="!Skin.HasSetting(Disable.FanartListView)">VideoFanartList</include>
			<!-- view id = 602 -->
			<include condition="!Skin.HasSetting(Disable.FullscreenWallView)">View_609_Fullscreen_Wall</include>
			<!-- view id = 609 -->
		</control>
		<control type="group">
			<visible>!Window.IsActive(addoninformation)</visible>
			<include condition="!Skin.HasSetting(Animated.Skin)">WindowOpenCloseAnimation</include>
			<include condition="Skin.HasSetting(Animated.Skin)">WindowOpenCloseAnimationAnimated</include>
			<control type="group">
				<top>-30</top>
				<visible>!Container.Content() + !Container.Content(playlists)</visible>
				<!-- Floor Labels (Landscape - ShowCase - Wall) -->
				<control type="group">
					<visible>Control.IsVisible(52) | Control.IsVisible(53) | Control.IsVisible(503)</visible>
					<include>ViewAnimation</include>
					<control type="group">
						<visible>![Control.HasFocus(55) | Control.HasFocus(56) | Control.IsVisible(57) | [Control.IsVisible(58) + Skin.HasSetting(Disable.BannerWallInfo)] | Control.HasFocus(59) | Control.IsVisible(499) | Control.IsVisible(500) | Control.HasFocus(506) | Control.HasFocus(509) | Control.HasFocus(591) | Control.IsVisible(601)]</visible>
						<animation effect="slide" end="0,15" condition="Control.IsVisible(503)">Conditional</animation>
						<control type="group">
							<visible>!Container.Content(genres)</visible>
							<visible>[Control.IsVisible(52) + Container.Content(movies) + !Skin.HasSetting(Disable.Landscape.MovieInfo) + [!Skin.HasSetting(Enable.Landscape.Logo)] | [Skin.HasSetting(Enable.Landscape.Logo) + String.IsEmpty(ListItem.Art(clearlogo))]] | [Control.IsVisible(52) + Container.Content(sets) + !Skin.HasSetting(Disable.Landscape.SetInfo) + [!Skin.HasSetting(Enable.Landscape.SetLogo) | [Skin.HasSetting(Enable.Landscape.SetLogo) + String.IsEmpty(ListItem.Art(clearlogo))]]] | [Control.IsVisible(52) + Container.Content(tvshows) + !Skin.HasSetting(Disable.Landscape.TVInfo) + [!Skin.HasSetting(Enable.Landscape.Logo)] | [Control.IsVisible(52) + Container.Content(episodes) + !Skin.HasSetting(Disable.Landscape.EpisodeInfo)]] | [Control.IsVisible(53) + Container.Content(movies) + !Skin.HasSetting(Disable.ShowCase.MovieInfo) + [!Skin.HasSetting(Enable.ShowCase.Logo)] | [Skin.HasSetting(Enable.ShowCase.Logo) + String.IsEmpty(ListItem.Art(clearlogo))]] | [Control.IsVisible(53) + Container.Content(sets) + !Skin.HasSetting(Disable.ShowCase.SetInfo) + [!Skin.HasSetting(Enable.ShowCase.SetLogo) | [Skin.HasSetting(Enable.ShowCase.SetLogo) + String.IsEmpty(ListItem.Art(clearlogo))]]] | [Control.IsVisible(53) + Container.Content(tvshows) + !Skin.HasSetting(Disable.ShowCase.TVInfo) + !Skin.HasSetting(Enable.ShowCase.Logo)] | [Control.IsVisible(53) + Container.Content(seasons) + !Skin.HasSetting(Disable.ShowCase.FloorInfo.seasons) + !Skin.HasSetting(Enable.ShowCase.SeasonBanner)] | [Control.IsVisible(503) + Container.Content(movies) + !Skin.HasSetting(Disable.Wall.MovieInfo) + [!Skin.HasSetting(Enable.Wall.Logo) | [Skin.HasSetting(Enable.Wall.Logo) + String.IsEmpty(ListItem.Art(clearlogo))]]] | [Control.IsVisible(503) + Container.Content(sets) + !Skin.HasSetting(Disable.Wall.SetInfo) + [!Skin.HasSetting(Enable.Wall.SetLogo) | [Skin.HasSetting(Enable.Wall.SetLogo) + String.IsEmpty(ListItem.Art(clearlogo))]]] | [Control.IsVisible(503) + Container.Content(tvshows) + !Skin.HasSetting(Disable.Wall.TVInfo) + [!Skin.HasSetting(Enable.Wall.Logo) | [Skin.HasSetting(Enable.Wall.Logo) + String.IsEmpty(ListItem.Art(clearlogo))]]] | [Control.IsVisible(503) + Container.Content(seasons) + Skin.HasSetting(Enable.Wall.FloorInfo.seasons)]</visible>
							<control type="grouplist">
								<left>60</left>
								<top>970</top>
								<width>1800</width>
								<height>46.5</height>
								<align>center</align>
								<itemgap>10</itemgap>
								<orientation>horizontal</orientation>
								<animation effect="slide" end="0,57" condition="[ListItem.IsCollection] | [Control.IsVisible(52) + Skin.HasSetting(Enable.Landscape.Logo) + String.IsEmpty(ListItem.Art(clearlogo))] | [Control.IsVisible(53) + !Skin.HasSetting(Disable.ShowCase.MovieInfo) + Skin.HasSetting(Enable.ShowCase.Logo) + String.IsEmpty(ListItem.Art(clearlogo))] | [Control.IsVisible(503) + !Skin.HasSetting(Disable.Wall.MovieInfo) + Skin.HasSetting(Enable.Wall.Logo) + String.IsEmpty(ListItem.Art(clearlogo))]">Conditional</animation>
								<control type="label">
									<width>auto</width>
									<height>46.5</height>
									<aligny>center</aligny>
									<align>center</align>
									<font>font16_title_bold</font>
									<scroll>true</scroll>
									<shadowcolor>shadow</shadowcolor>
									<label>$VAR[FloorLabelVar]</label>
								</control>
								<control type="image">
									<width>42</width>
									<height>46.5</height>
									<aspectratio>keep</aspectratio>
									<texture>$VAR[UnFocusHDIndicator]</texture>
									<visible>!String.IsEmpty(ListItem.VideoResolution)</visible>
									<visible>[Control.IsVisible(52) + !Skin.HasSetting(noindicatorlandscape)] | [Control.IsVisible(53) + Skin.HasSetting(noindicatorshowcase)] | [Control.IsVisible(503) + Skin.HasSetting(noindicatorwall)]</visible>
								</control>
							</control>
							<control type="group">
								<left>560</left>
								<top>1022</top>
								<visible>[Control.IsVisible(52) + Container.Content(movies) + !Skin.HasSetting(Disable.Landscape.MovieInfo) + !Skin.HasSetting(Enable.Landscape.Logo)] | [Control.IsVisible(52) + Container.Content(tvshows) + !Skin.HasSetting(Disable.Landscape.TVInfo) + !Skin.HasSetting(Enable.Landscape.Logo)] | [Control.IsVisible(52) + Container.Content(episodes) + !Skin.HasSetting(Disable.Landscape.EpisodeInfo)] | [Control.IsVisible(53) + Container.Content(movies) + !Skin.HasSetting(Disable.ShowCase.MovieInfo) + [!Skin.HasSetting(Enable.ShowCase.Logo)]] | [Control.IsVisible(53) + Container.Content(tvshows) + !Skin.HasSetting(Disable.ShowCase.TVInfo) + [!Skin.HasSetting(Enable.ShowCase.Logo)]] | [Control.IsVisible(53) + Container.Content(seasons) + !Skin.HasSetting(Disable.ShowCase.FloorInfo.seasons) + !Skin.HasSetting(Enable.ShowCase.SeasonBanner)] | [Control.IsVisible(503) + [Container.Content(movies) | Container.Content(sets)] + !Skin.HasSetting(Disable.Wall.MovieInfo) + [!Skin.HasSetting(Enable.Wall.Logo)]] | [Control.IsVisible(503) + Container.Content(sets) + !Skin.HasSetting(Disable.Wall.SetInfo) + [!Skin.HasSetting(Enable.Wall.SetLogo)]] | [Control.IsVisible(503) + Container.Content(tvshows) + !Skin.HasSetting(Disable.Wall.TVInfo) + !Skin.HasSetting(Enable.Wall.Logo)] | [Control.IsVisible(503) + Container.Content(seasons) + Skin.HasSetting(Enable.Wall.FloorInfo.seasons) + !Skin.HasSetting(Enable.Wall.SeasonBanner)]</visible>
								<control type="label">
									<width>800</width>
									<height>30</height>
									<align>center</align>62
									<font>font13_bold</font>
									<textcolor>$VAR[UnWatchedEpColor]</textcolor>
									<shadowcolor>shadow</shadowcolor>
									<label>$VAR[FloorSubLabelVar]</label>
									<textoffsetx>30</textoffsetx>
									<visible>!Container.Content(Genres)</visible>
									<visible>Container.Content(tvshows) | Container.Content(seasons) | Container.Content(episodes) | [Container.Content(movies) + !ListItem.IsCollection]</visible>
									<animation effect="slide" start="0,0" end="0,16" time="320" tween="cubic" easing="inout" condition="[Control.IsVisible(53) + [Container.Content(movies) + Skin.HasSetting(Disable.Showcase.MovieGenre)]] | [Control.IsVisible(52) + [Container.Content(movies) + Skin.HasSetting(Disable.Landscape.MovieGenre)]] | [Control.IsVisible(503) + [Container.Content(movies) + Skin.HasSetting(Disable.Wall.MovieGenre)]]">Conditional</animation>
								</control>
								<control type="label">
									<top>38</top>
									<width>800</width>
									<height>30</height>
									<align>center</align>
									<font>font13_bold</font>
									<shadowcolor>shadow</shadowcolor>
									<label>$INFO[ListItem.Genre]</label>
									<textoffsetx>30</textoffsetx>
									<visible>[Control.IsVisible(52) + [Container.Content(movies) + !Skin.HasSetting(Disable.Landscape.MovieGenre)]] | [Control.IsVisible(53) + [Container.Content(movies) + !Skin.HasSetting(Disable.Showcase.MovieGenre)]] | [Control.IsVisible(53) + [Container.Content(tvshows) + Skin.HasSetting(Enable.Showcase.TVShowGenre)]] | [Control.IsVisible(52) + [Container.Content(tvshows) + Skin.HasSetting(Enable.Landscape.TVShowGenre)]] | [Control.IsVisible(503) + [Container.Content(movies) + !Skin.HasSetting(Disable.Wall.MovieGenre)]] | [Control.IsVisible(503) + [Container.Content(tvshows) + Skin.HasSetting(Enable.Wall.TVShowGenre)]]</visible>
									<animation effect="fade" start="0" end="100" time="320">VisibleChange</animation>
								</control>
								<control type="group">
									<visible>[Control.IsVisible(52) + Container.Content(tvshows) + !Skin.HasSetting(Enable.Landscape.TVShowGenre)] | [Control.IsVisible(53) + Container.Content(tvshows) + !Skin.HasSetting(Enable.Showcase.TVShowGenre)] | [Control.IsVisible(503) + Container.Content(tvshows) + !Skin.HasSetting(Enable.Wall.TVShowGenre)]</visible>
									<left>-300</left>
									<top>38</top>
									<!-- Next Episode -->
									<control type="label">
										<width>1400</width>
										<height>30</height>
										<align>center</align>
										<font>font13_bold</font>
										<shadowcolor>shadow</shadowcolor>
										<label>$LOCALIZE[31010]: $INFO[Window(Home).Property(NextAired.NextNumber)] - $INFO[Window(Home).Property(NextAired.NextTitle)] ($INFO[Window(Home).Property(NextAired.NextDay)])</label>
										<textoffsetx>30</textoffsetx>
										<visible>!String.IsEmpty(Window(Home).Property(NextAired.NextDate))</visible>
									</control>
									<!-- Next Aired Status -->
									<control type="label">
										<width>1400</width>
										<height>30</height>
										<align>center</align>
										<font>font13_bold</font>
										<shadowcolor>shadow</shadowcolor>
										<label>$INFO[Window(Home).Property(NextAired.Status)]</label>
										<textoffsetx>30</textoffsetx>
										<visible>[String.IsEmpty(Window(Home).Property(NextAired.NextDate)) + !String.IsEmpty(Window(Home).Property(NextAired.Status))]</visible>
									</control>
								</control>
								<control type="label">
									<top>38</top>
									<width>800</width>
									<height>30</height>
									<align>center</align>
									<font>font13_bold</font>
									<textcolor>$VAR[UnWatchedEpColor]</textcolor>
									<shadowcolor>shadow</shadowcolor>
									<label>[COLOR grey]$LOCALIZE[20360]: $INFO[ListItem.Property(TotalEpisodes)][/COLOR] $INFO[ListItem.Property(UnWatchedEpisodes), ($LOCALIZE[16101]: ,)]</label>
									<textoffsetx>30</textoffsetx>
									<visible>[Control.IsVisible(53) + Container.Content(seasons) + !Skin.HasSetting(Disable.ShowCase.EpisodeInfo)]</visible>
								</control>
								<control type="label">
									<top>38</top>
									<width>800</width>
									<height>30</height>
									<align>center</align>
									<font>font13_bold</font>
									<shadowcolor>shadow</shadowcolor>
									<label>$INFO[ListItem.Premiered,$LOCALIZE[31452]: ]</label>
									<textoffsetx>30</textoffsetx>
									<visible>[Control.IsVisible(52) + Container.Content(episodes) + !Skin.HasSetting(Disable.Landscape.EpisodeInfo)]</visible>
								</control>
							</control>
						</control>
						<control type="group">
							<top>1010</top>
							<width>100%</width>
							<visible>Container.Content(musicvideos)</visible>
							<control type="image">
								<left>120</left>
								<include>MediaFlagValues</include>
								<texture>$VAR[MediaFlagsPathVar]/audiocodec/$INFO[ListItem.AudioCodec,,.png]</texture>
							</control>
							<control type="image">
								<left>1675</left>
								<include>MediaFlagValues</include>
								<texture>$VAR[MediaFlagsPathVar]/videocodec/$VAR[SourceFlagVar]</texture>
								<visible>!String.IsEmpty(ListItem.VideoCodec)</visible>
							</control>
						</control>
					</control>
				</control>
				<!-- Floor Labels (Shift - BannerWall - Small Icons - Icons - BannerPlex) -->
				<control type="group">
					<visible>Control.IsVisible(57) | [Control.IsVisible(58) + Skin.HasSetting(Disable.BannerWallInfo)] | Control.IsVisible(499) | Control.IsVisible(500) | Control.IsVisible(601)</visible>
					<include>ViewAnimation</include>
					<animation effect="slide" end="-40,16" condition="Control.IsVisible(57) + Container.Content(movies)">Conditional</animation>
					<animation effect="slide" end="-40,-20" condition="Control.IsVisible(57) + [Container.Content(tvshows) | Container.Content(seasons)]">Conditional</animation>
					<animation effect="slide" end="0,-65" time="720" tween="cubic" easing="inout" condition="[Control.IsVisible(58) + Skin.HasSetting(Disable.BannerWallInfo)] | Control.IsVisible(499) | Control.IsVisible(500) | Control.IsVisible(601)">Conditional</animation>
					<control type="group">
						<left>90</left>
						<top>1000</top>
						<visible>!Container.Content(tags)</visible>
						<control type="grouplist">
							<width>1800</width>
							<height>132</height>
							<itemgap>5</itemgap>
							<!-- Main Label -->
							<control type="label">
								<width>1800</width>
								<height>42</height>
								<aligny>top</aligny>
								<font>font16_title_bold</font>
								<scroll>true</scroll>
								<label>$INFO[ListItem.Label]</label>
								<textoffsety>-2</textoffsety>
								<textoffsetx>30</textoffsetx>
								<visible>!Container.Content(genres)</visible>
								<visible>!Container.Content(sets) | [Control.IsVisible(57) + Container.Content(sets)]</visible>
							</control>
							<!-- Sub Label -->
							<control type="label">
								<width>1820</width>
								<height>30</height>
								<font>font13_bold</font>
								<textcolor>$VAR[UnWatchedEpColor]</textcolor>
								<label>$VAR[FloorSubLabelVar]</label>
								<textoffsetx>30</textoffsetx>
								<visible>!Container.Content(Genres) + !ListItem.IsCollection + !ListItem.IsParentFolder</visible>
							</control>
							<!-- Next Aired -->
							<control type="group">
								<visible>[Container.Content(tvshows) | Container.Content(seasons)]</visible>
								<height>30</height>
								<control type="group">
									<visible>[System.HasAddon(script.tv.show.next.aired) + !Skin.HasSetting(Disable.NextAired)]</visible>
									<height>30</height>
									<control type="label">
										<width>1800</width>
										<height>30</height>
										<font>font13_bold</font>
										<label>$LOCALIZE[31010]: $INFO[Window(Home).Property(NextAired.NextNumber)] - $INFO[Window(Home).Property(NextAired.NextTitle)] ($INFO[Window(Home).Property(NextAired.NextDay)])</label>
										<textoffsetx>30</textoffsetx>
										<visible>!String.IsEmpty(Window(Home).Property(NextAired.NextDate))</visible>
									</control>
									<control type="label">
										<width>1800</width>
										<height>30</height>
										<font>font13_bold</font>
										<label>$INFO[Window(Home).Property(NextAired.Status)]</label>
										<textoffsetx>30</textoffsetx>
										<visible>String.IsEmpty(Window(Home).Property(NextAired.NextDate)) + !String.IsEmpty(Window(Home).Property(NextAired.Status))</visible>
									</control>
								</control>
								<control type="label">
									<width>1820</width>
									<height>30</height>
									<label>$INFO[ListItem.Genre]</label>
									<font>font13_bold</font>
									<textoffsetx>30</textoffsetx>
									<scroll>true</scroll>
									<visible>!String.IsEmpty(ListItem.Genre) + ![System.HasAddon(script.tv.show.next.aired) + !Skin.HasSetting(Disable.NextAired)]</visible>
								</control>
							</control>
						</control>
					</control>
				</control>
				<control type="image">
					<top>890</top>
					<width>100%</width>
					<height>248</height>
					<texture border="1">gradient_floor.png</texture>
					<animation effect="slide" end="0,15" condition="Control.IsVisible(56) | Control.IsVisible(57) | Control.IsVisible(503) | Control.IsVisible(591)">Conditional</animation>
					<visible>Control.IsVisible(52) | Control.IsVisible(53) | Control.IsVisible(55) | Control.IsVisible(56) | Control.IsVisible(57) | [Control.IsVisible(58) + Skin.HasSetting(Disable.BannerWallInfo)] | Control.IsVisible(59) | Control.IsVisible(499) | Control.IsVisible(500) | Control.IsVisible(503) | Control.IsVisible(509) | Control.IsVisible(591) | Control.IsVisible(601)</visible>
				</control>
				<!-- MEDIAFLAGS -->
				<control type="group">
					<visible>!Container.Content(Genres) + !ListItem.IsParentFolder + !ListItem.IsCollection</visible>
					<!-- (Landscape - ShowCase - Logo - Wall) -->
					<control type="group">
						<top>1010</top>
						<visible>[[Control.IsVisible(52) + Container.Content(movies) + !String.IsEqual(Skin.String(52.Movies.ViewFlags),$LOCALIZE[1223])] | [Control.IsVisible(52) + Container.Content(tvshows) + !String.IsEqual(Skin.String(52.TV.ViewFlags),$LOCALIZE[1223])] | [Control.IsVisible(52) + Container.Content(episodes) + !String.IsEqual(Skin.String(52.Episodes.ViewFlags),$LOCALIZE[1223])] | [Control.IsVisible(53) + Container.Content(movies) + !String.IsEqual(Skin.String(53.Movies.ViewFlags),$LOCALIZE[1223])] | [Control.IsVisible(53) + Container.Content(tvshows) + !String.IsEqual(Skin.String(53.TV.ViewFlags),$LOCALIZE[1223])] | [Control.IsVisible(53) + Container.Content(seasons) + !String.IsEqual(Skin.String(53.Seasons.ViewFlags),$LOCALIZE[1223])] | [Control.IsVisible(59) + Container.Content(movies) + !String.IsEqual(Skin.String(59.Movies.ViewFlags),$LOCALIZE[1223])] | [Control.IsVisible(59) + Container.Content(tvshows) + !String.IsEqual(Skin.String(59.TV.ViewFlags),$LOCALIZE[1223])] | [Control.IsVisible(503) + Container.Content(movies) + !String.IsEqual(Skin.String(503.Movies.ViewFlags),$LOCALIZE[1223])] | [Control.IsVisible(503) + Container.Content(tvshows) + !String.IsEqual(Skin.String(503.TV.ViewFlags),$LOCALIZE[1223])] | [Control.IsVisible(503) + Container.Content(seasons) + !String.IsEqual(Skin.String(503.Seasons.ViewFlags),$LOCALIZE[1223])]]</visible>
						<include>ViewAnimation</include>
						<animation effect="slide" end="0,12" condition="Control.IsVisible(503)">Conditional</animation>
						<control type="group">
							<left>85</left>
							<control type="image" id="911">
								<include>MediaFlagValues</include>
								<texture>$VAR[PathFlagsStudios]$INFO[ListItem.Studio,,.png]</texture>
							</control>
							<control type="label">
								<width>135</width>
								<height>90</height>
								<align>center</align>
								<label>$INFO[ListItem.Studio]</label>
								<font>font10</font>
								<textcolor>grey2</textcolor>
								<wrapmultiline>true</wrapmultiline>
								<visible>String.IsEmpty(Control.GetLabel(911))</visible>
							</control>
						</control>
						<control type="image">
							<left>1700</left>
							<include>MediaFlagValues</include>
							<texture fallback="flags/default/mpaa/NR.png">$VAR[MediaFlagsPathVar]/mpaa/$VAR[RatingFlagVar]</texture>
						</control>
						<control type="group">
							<left>1850</left>
							<control type="grouplist">
								<height>90</height>
								<width>35</width>
								<align>center</align>
								<itemgap>-5</itemgap>
								<animation effect="slide" end="32,0" condition="[String.IsEqual(Skin.String(LanguageFlags),1) | [String.IsEmpty(ListItem.Property(SubtitleLanguage.1)) + String.IsEmpty(ListItem.Property(SubtitleLanguage.2)) + String.IsEmpty(ListItem.Property(SubtitleLanguage.3))]] | [[String.IsEqual(Skin.String(LanguageFlags),2) | String.IsEqual(Skin.String(LanguageFlags),3)] + String.IsEqual(ListItem.Property(AudioLanguage.1),ListItem.Property(SubtitleLanguage.1)) + String.IsEmpty(ListItem.Property(SubtitleLanguage.2)) + String.IsEmpty(ListItem.Property(SubtitleLanguage.3))]">Conditional</animation>
								<visible>String.IsEqual(Skin.String(LanguageFlags),1) | String.IsEqual(Skin.String(LanguageFlags),3)</visible>
								<control type="image">
									<width>30</width>
									<height>30</height>
									<aspectratio>keep</aspectratio>
									<colordiffuse>grey</colordiffuse>
									<texture>$VAR[PathFlagsLanguage]$INFO[ListItem.Property(AudioLanguage.1),,.png]</texture>
									<visible>!String.IsEmpty(ListItem.Property(AudioLanguage.1))</visible>
								</control>
								<control type="image">
									<width>30</width>
									<height>30</height>
									<aspectratio>keep</aspectratio>
									<colordiffuse>grey</colordiffuse>
									<texture>$VAR[PathFlagsLanguage]$INFO[ListItem.Property(AudioLanguage.2),,.png]</texture>
									<visible>!String.IsEmpty(ListItem.Property(AudioLanguage.2))</visible>
									<visible>!String.IsEqual(ListItem.Property(AudioLanguage.1),ListItem.Property(AudioLanguage.2))</visible>
								</control>
								<control type="image">
									<width>30</width>
									<height>30</height>
									<aspectratio>keep</aspectratio>
									<colordiffuse>grey</colordiffuse>
									<texture>$VAR[PathFlagsLanguage]$INFO[ListItem.Property(AudioLanguage.3),,.png]</texture>
									<visible>!String.IsEmpty(ListItem.Property(AudioLanguage.3))</visible>
									<visible>!String.IsEqual(ListItem.Property(AudioLanguage.1),ListItem.Property(AudioLanguage.3))</visible>
									<visible>!String.IsEqual(ListItem.Property(AudioLanguage.2),ListItem.Property(AudioLanguage.3))</visible>
								</control>
							</control>
							<control type="grouplist">
								<left>32</left>
								<height>90</height>
								<width>35</width>
								<align>center</align>
								<itemgap>-5</itemgap>
								<visible>String.IsEqual(Skin.String(LanguageFlags),2) | String.IsEqual(Skin.String(LanguageFlags),3)</visible>
								<visible>![String.IsEqual(ListItem.Property(AudioLanguage.1),ListItem.Property(SubtitleLanguage.1)) + String.IsEmpty(ListItem.Property(SubtitleLanguage.2)) + String.IsEmpty(ListItem.Property(SubtitleLanguage.3))]</visible>
								<control type="image">
									<width>30</width>
									<height>30</height>
									<aspectratio>keep</aspectratio>
									<colordiffuse>grey</colordiffuse>
									<texture>$VAR[PathFlagsLanguage]$INFO[ListItem.Property(SubtitleLanguage.1),,.png]</texture>
									<visible>!String.IsEmpty(ListItem.Property(SubtitleLanguage.1))</visible>
								</control>
								<control type="image">
									<width>30</width>
									<height>30</height>
									<aspectratio>keep</aspectratio>
									<colordiffuse>grey</colordiffuse>
									<texture>$VAR[PathFlagsLanguage]$INFO[ListItem.Property(SubtitleLanguage.2),,.png]</texture>
									<visible>!String.IsEmpty(ListItem.Property(SubtitleLanguage.2))</visible>
									<visible>!String.IsEqual(ListItem.Property(SubtitleLanguage.1),ListItem.Property(SubtitleLanguage.2))</visible>
								</control>
								<control type="image">
									<width>30</width>
									<height>30</height>
									<aspectratio>keep</aspectratio>
									<colordiffuse>grey</colordiffuse>
									<texture>$VAR[PathFlagsLanguage]$INFO[ListItem.Property(SubtitleLanguage.3),,.png]</texture>
									<visible>!String.IsEmpty(ListItem.Property(SubtitleLanguage.3))</visible>
									<visible>!String.IsEqual(ListItem.Property(SubtitleLanguage.1),ListItem.Property(SubtitleLanguage.3))</visible>
									<visible>!String.IsEqual(ListItem.Property(SubtitleLanguage.2),ListItem.Property(SubtitleLanguage.3))</visible>
								</control>
							</control>
						</control>
						<control type="group">
							<visible>[Control.IsVisible(52) + String.IsEqual(Skin.String(52.Movies.ViewFlags),$LOCALIZE[31160]) + Container.Content(movies)] | [Control.IsVisible(52) + String.IsEqual(Skin.String(52.Episodes.ViewFlags),$LOCALIZE[31160]) + Container.Content(episodes)] | [Control.IsVisible(53) + String.IsEqual(Skin.String(53.Movies.ViewFlags),$LOCALIZE[31160]) + Container.Content(movies)] | [Control.IsVisible(59) + String.IsEqual(Skin.String(59.Movies.ViewFlags),$LOCALIZE[31160]) + Container.Content(movies)] | [Control.IsVisible(503) + String.IsEqual(Skin.String(503.Movies.ViewFlags),$LOCALIZE[31160]) + Container.Content(movies)]</visible>
							<control type="image">
								<left>220</left>
								<include>MediaFlagValues</include>
								<texture>$VAR[MediaFlagsPathVar]/resolution/$INFO[ListItem.VideoResolution,,.png]</texture>
							</control>
							<control type="image">
								<left>355</left>
								<include>MediaFlagValues</include>
								<texture>$VAR[MediaFlagsPathVar]/videocodec/$VAR[SourceFlagVar]</texture>
							</control>
							<control type="image">
								<left>1430</left>
								<include>MediaFlagValues</include>
								<texture>$VAR[MediaFlagsPathVar]/audiocodec/$INFO[ListItem.AudioCodec,,.png]</texture>
							</control>
							<control type="image">
								<left>1565</left>
								<include>MediaFlagValues</include>
								<texture>$VAR[MediaFlagsPathVar]/audiochannels/$INFO[ListItem.AudioChannels,,.png]</texture>
							</control>
						</control>
					</control>
					<!-- (Tripanel - Posters - Shift - BannerWall - Small Icons - Icons - BannerPlex - RightList - MyFlix - BigFan) -->
					<control type="group">
						<visible>Control.IsVisible(55) | Control.IsVisible(56) | Control.IsVisible(57) | [Control.IsVisible(58) + Skin.HasSetting(Disable.BannerWallInfo)] | Control.IsVisible(499) | Control.IsVisible(500) | Control.IsVisible(506) | Control.IsVisible(509) | Control.IsVisible(591) | Control.IsVisible(601)</visible>
						<include>ViewAnimation</include>
						<animation effect="slide" end="0,-16" time="320" tween="cubic" easing="inout" condition="Control.IsVisible(56)">Conditional</animation>
						<animation effect="slide" end="360,-110" time="320" tween="cubic" easing="inout" condition="Control.IsVisible(57) + Container.Content(movies)">Conditional</animation>
						<animation effect="slide" end="-420,-110" time="320" tween="cubic" easing="inout" condition="Control.IsVisible(57) + [Container.Content(tvshows) | Container.Content(seasons)]">Conditional</animation>
						<animation effect="slide" end="-140" time="320" tween="cubic" easing="inout" condition="Control.IsVisible(57) + Skin.HasSetting(Enable.Shift.Small)">Conditional</animation>
						<left>600</left>
						<top>1020</top>
						<height>90</height>
						<!-- Movies + Episodes -->
						<control type="group">
							<visible>![Container.Content(tags) | Container.Content(addons) | Container.Content(tvshows) | Container.Content(seasons)]</visible>
							<control type="group">
								<visible>[Container.Content(movies) + Control.IsVisible(506) + !Skin.HasSetting(Disable.RightList.Mediaflags)] | [Container.Content(episodes) + Control.IsVisible(506) + !Skin.HasSetting(Disable.RightList.EpisodeMediaflags)] | [[Container.Content(movies) | Container.Content(episodes)] + Control.IsVisible(591)] | [[Container.Content(movies) | Container.Content(episodes)] + Control.IsVisible(509) + !Skin.HasSetting(Disable.MyFlix.Mediaflags)] | Control.IsVisible(55) | Control.IsVisible(56) | Control.IsVisible(57) | [Control.IsVisible(58) + Skin.HasSetting(Disable.BannerWallInfo)] | Control.IsVisible(499) | Control.IsVisible(500) | Control.IsVisible(601)</visible>
								<include>ViewAnimation</include>
								<animation effect="slide" end="-290" time="320" tween="cubic" easing="inout" condition="Control.IsVisible(591)">Conditional</animation>
								<animation effect="slide" end="-450" time="320" tween="cubic" easing="inout" condition="Control.IsVisible(57)">Conditional</animation>
								<animation effect="slide" end="-510" time="320" tween="cubic" easing="inout" condition="[Control.IsVisible(58) + Skin.HasSetting(Disable.BannerWallInfo)] | Control.IsVisible(499) | Control.IsVisible(500) | Control.IsVisible(601)">Conditional</animation>
								<animation effect="slide" end="-590,-20" time="320" tween="cubic" easing="inout" condition="Control.IsVisible(509)">Conditional</animation>
								<width>1665</width>
								<control type="group">
									<width>180</width>
									<control type="image" id="912">
										<top>2</top>
										<width>180</width>
										<include>MediaFlagValues</include>
										<texture>$VAR[PathFlagsStudios]$INFO[ListItem.Studio,,.png]</texture>
									</control>
									<control type="label">
										<left>10</left>
										<width>160</width>
										<height>90</height>
										<align>center</align>
										<label>$INFO[ListItem.Studio]</label>
										<font>font10</font>
										<textcolor>grey</textcolor>
										<wrapmultiline>true</wrapmultiline>
										<visible>String.IsEmpty(Control.GetLabel(912))</visible>
									</control>
								</control>
								<control type="image">
									<left>200</left>
									<include>MediaFlagValues</include>
									<texture fallback="flags/default/mpaa/NR.png">$VAR[MediaFlagsPathVar]/mpaa/$VAR[RatingFlagVar]</texture>
								</control>
								<control type="image">
									<left>380</left>
									<include>MediaFlagValues</include>
									<texture>$VAR[MediaFlagsPathVar]/resolution/$INFO[ListItem.VideoResolution].png</texture>
								</control>
								<control type="image">
									<left>540</left>
									<include>MediaFlagValues</include>
									<texture>$VAR[MediaFlagsPathVar]/videocodec/$VAR[SourceFlagVar]</texture>
								</control>
								<control type="image">
									<left>720</left>
									<include>MediaFlagValues</include>
									<texture>$VAR[MediaFlagsPathVar]/aspectratio/$INFO[ListItem.VideoAspect,,.png]</texture>
								</control>
								<control type="image">
									<left>900</left>
									<include>MediaFlagValues</include>
									<texture>$VAR[MediaFlagsPathVar]/audiocodec/$INFO[ListItem.AudioCodec,,.png]</texture>
								</control>
								<control type="image">
									<left>1080</left>
									<include>MediaFlagValues</include>
									<texture>$VAR[MediaFlagsPathVar]/audiochannels/$INFO[ListItem.AudioChannels,,.png]</texture>
								</control>
								<control type="grouplist">
									<left>1210</left>
									<top>2</top>
									<height>90</height>
									<width>35</width>
									<align>center</align>
									<itemgap>-5</itemgap>
									<visible>String.IsEqual(Skin.String(LanguageFlags),1) | String.IsEqual(Skin.String(LanguageFlags),3)</visible>
									<control type="image">
										<width>30</width>
										<height>30</height>
										<aspectratio>keep</aspectratio>
										<colordiffuse>grey</colordiffuse>
										<texture>$VAR[PathFlagsLanguage]$INFO[ListItem.Property(AudioLanguage.1),,.png]</texture>
										<visible>!String.IsEmpty(ListItem.Property(AudioLanguage.1))</visible>
									</control>
									<control type="image">
										<width>30</width>
										<height>30</height>
										<aspectratio>keep</aspectratio>
										<colordiffuse>grey</colordiffuse>
										<texture>$VAR[PathFlagsLanguage]$INFO[ListItem.Property(AudioLanguage.2),,.png]</texture>
										<visible>!String.IsEmpty(ListItem.Property(AudioLanguage.2))</visible>
										<visible>!String.IsEqual(ListItem.Property(AudioLanguage.1),ListItem.Property(AudioLanguage.2))</visible>
									</control>
									<control type="image">
										<width>30</width>
										<height>30</height>
										<aspectratio>keep</aspectratio>
										<colordiffuse>grey</colordiffuse>
										<texture>$VAR[PathFlagsLanguage]$INFO[ListItem.Property(AudioLanguage.3),,.png]</texture>
										<visible>!String.IsEmpty(ListItem.Property(AudioLanguage.3))</visible>
										<visible>!String.IsEqual(ListItem.Property(AudioLanguage.1),ListItem.Property(AudioLanguage.3))</visible>
										<visible>!String.IsEqual(ListItem.Property(AudioLanguage.2),ListItem.Property(AudioLanguage.3))</visible>
									</control>
								</control>
								<control type="group">
									<visible>[!String.IsEmpty(ListItem.Property(SubtitleLanguage.1)) | !String.IsEmpty(ListItem.Property(SubtitleLanguage.2)) | !String.IsEmpty(ListItem.Property(SubtitleLanguage.3))] + [String.IsEqual(Skin.String(LanguageFlags),2) | String.IsEqual(Skin.String(LanguageFlags),3)]</visible>
									<control type="image" id="910">
										<left>1215</left>
										<include>MediaFlagValues</include>
										<texture>$VAR[MediaFlagsPathVar]/cc.png</texture>
									</control>
									<control type="grouplist">
										<left>1325</left>
										<top>2</top>
										<height>90</height>
										<width>35</width>
										<align>center</align>
										<itemgap>-5</itemgap>
										<control type="image">
											<width>30</width>
											<height>30</height>
											<aspectratio>keep</aspectratio>
											<colordiffuse>grey</colordiffuse>
											<texture>$VAR[PathFlagsLanguage]$INFO[ListItem.Property(SubtitleLanguage.1),,.png]</texture>
											<visible>!String.IsEmpty(ListItem.Property(SubtitleLanguage.1))</visible>
										</control>
										<control type="image">
											<width>30</width>
											<height>30</height>
											<aspectratio>keep</aspectratio>
											<colordiffuse>grey</colordiffuse>
											<texture>$VAR[PathFlagsLanguage]$INFO[ListItem.Property(SubtitleLanguage.2),,.png]</texture>
											<visible>!String.IsEmpty(ListItem.Property(SubtitleLanguage.2)) + !String.IsEqual(ListItem.Property(SubtitleLanguage.1),ListItem.Property(SubtitleLanguage.2))</visible>
										</control>
										<control type="image">
											<width>30</width>
											<height>30</height>
											<aspectratio>keep</aspectratio>
											<colordiffuse>grey</colordiffuse>
											<texture>$VAR[PathFlagsLanguage]$INFO[ListItem.Property(SubtitleLanguage.3),,.png]</texture>
											<visible>!String.IsEmpty(ListItem.Property(SubtitleLanguage.3)) + !String.IsEqual(ListItem.Property(SubtitleLanguage.1),ListItem.Property(SubtitleLanguage.3)) + !String.IsEqual(ListItem.Property(SubtitleLanguage.2),ListItem.Property(SubtitleLanguage.3))</visible>
										</control>
									</control>
								</control>
							</control>
						</control>
						<!-- Shows + Seasons -->
						<control type="group">
							<left>400</left>
							<visible>!Container.Content(tags)</visible>
							<control type="group">
								<visible>![Control.IsVisible(506) + [Container.Content(tvshows) | Container.Content(seasons)]] | [Control.IsVisible(506) + [Container.Content(tvshows) | Container.Content(seasons)] + !Skin.HasSetting(Disable.RightList.TVMediaflags)]</visible>
								<!-- Shows -->
								<control type="group">
									<width>987.5</width>
									<visible>Container.Content(tvshows)</visible>
									<animation effect="slide" start="0,0" end="-1000" time="720" tween="cubic" easing="inout" condition="Control.IsVisible(509)">Conditional</animation>
									<control type="group">
										<visible>!String.IsEmpty(ListItem.Studio)</visible>
										<width>200</width>
										<control type="image" id="913">
											<top>2</top>
											<width>200</width>
											<include>MediaFlagValues</include>
											<texture>$VAR[PathFlagsStudios]$INFO[ListItem.Studio,,.png]</texture>
										</control>
										<control type="label">
											<width>200</width>
											<height>90</height>
											<align>center</align>
											<label>$INFO[ListItem.Studio]</label>
											<font>font10</font>
											<textcolor>grey</textcolor>
											<wrapmultiline>true</wrapmultiline>
											<visible>String.IsEmpty(Control.GetLabel(913))</visible>
										</control>
									</control>
									<control type="image">
										<left>200</left>
										<width>200</width>
										<include>MediaFlagValues</include>
										<texture fallback="flags/default/mpaa/NR.png">$VAR[MediaFlagsPathVar]/mpaa/$VAR[RatingFlagVar]</texture>
									</control>
									<control type="grouplist">
										<left>400</left>
										<width>487.5</width>
										<orientation>horizontal</orientation>
										<control type="group">
											<width>162.5</width>
											<visible>!String.IsEmpty(ListItem.Property(TotalSeasons))</visible>
											<control type="label">
												<top>2</top>
												<height>60</height>
												<align>center</align>
												<label>$INFO[ListItem.Property(TotalSeasons)]</label>
												<font>font48_bold</font>
												<wrapmultiline>true</wrapmultiline>
												<textcolor>grey</textcolor>
											</control>
											<control type="label">
												<top>52</top>
												<height>30</height>
												<align>center</align>
												<label>[LOWERCASE]$VAR[OneOrMoreSeasonsVar][/LOWERCASE]</label>
												<font>font12</font>
												<textcolor>grey</textcolor>
											</control>
										</control>
										<control type="group">
											<visible>!String.IsEmpty(ListItem.Property(TotalEpisodes))</visible>
											<width>162.5</width>
											<control type="label">
												<top>2</top>
												<height>60</height>
												<align>center</align>
												<label>$INFO[ListItem.Property(TotalEpisodes)]</label>
												<font>font48_bold</font>
												<wrapmultiline>true</wrapmultiline>
												<textcolor>grey</textcolor>
											</control>
											<control type="label">
												<top>52</top>
												<height>30</height>
												<align>center</align>
												<label>[LOWERCASE]$VAR[OneOrMoreEpisodesVar][/LOWERCASE]</label>
												<font>font12</font>
												<textcolor>grey</textcolor>
											</control>
										</control>
										<control type="group">
											<visible>!String.IsEmpty(ListItem.Property(UnWatchedEpisodes))</visible>
											<width>162.5</width>
											<control type="label">
												<height>60</height>
												<align>center</align>
												<label>$INFO[ListItem.Property(UnWatchedEpisodes)]</label>
												<font>font48_bold</font>
												<wrapmultiline>true</wrapmultiline>
												<textcolor>$VAR[UnWatchedEpColor]</textcolor>
											</control>
											<control type="label">
												<top>52</top>
												<height>30</height>
												<align>center</align>
												<label>[LOWERCASE]$LOCALIZE[16101][/LOWERCASE]</label>
												<font>font12</font>
												<textcolor>$VAR[UnWatchedEpColor]</textcolor>
											</control>
										</control>
									</control>
								</control>
								<!-- Seasons -->
								<control type="group">
									<visible>Container.Content(seasons)</visible>
									<animation effect="slide" end="162.5" condition="!Control.IsVisible(509)">Conditional</animation>
									<control type="group">
										<width>987.5</width>
										<animation effect="slide" start="0,0" end="-1000" time="720" tween="cubic" easing="inout" condition="Control.IsVisible(509)">Conditional</animation>
										<control type="group">
											<visible>!String.IsEmpty(ListItem.Studio)</visible>
											<width>200</width>
											<control type="image" id="914">
												<top>2</top>
												<width>200</width>
												<include>MediaFlagValues</include>
												<texture>$VAR[PathFlagsStudios]$INFO[ListItem.Studio,,.png]</texture>
											</control>
											<control type="label">
												<width>200</width>
												<height>90</height>
												<align>center</align>
												<label>$INFO[ListItem.Studio]</label>
												<font>font10</font>
												<textcolor>grey</textcolor>
												<wrapmultiline>true</wrapmultiline>
												<visible>String.IsEmpty(Control.GetLabel(914))</visible>
											</control>
										</control>
										<control type="image">
											<left>200</left>
											<width>200</width>
											<include>MediaFlagValues</include>
											<texture fallback="flags/default/mpaa/NR.png">$VAR[MediaFlagsPathVar]/mpaa/$VAR[RatingFlagVar]</texture>
										</control>
										<control type="grouplist">
											<left>400</left>
											<width>487.5</width>
											<orientation>horizontal</orientation>
											<control type="group">
												<visible>!String.IsEmpty(ListItem.Property(TotalEpisodes))</visible>
												<width>162.5</width>
												<control type="label">
													<top>2</top>
													<height>60</height>
													<align>center</align>
													<label>$INFO[ListItem.Property(TotalEpisodes)]</label>
													<font>font48_bold</font>
													<wrapmultiline>true</wrapmultiline>
													<textcolor>grey</textcolor>
												</control>
												<control type="label">
													<top>52</top>
													<height>30</height>
													<align>center</align>
													<label>[LOWERCASE]$VAR[OneOrMoreEpisodesVar][/LOWERCASE]</label>
													<font>font12</font>
													<textcolor>grey</textcolor>
												</control>
											</control>
											<control type="group">
												<visible>!String.IsEmpty(ListItem.Property(UnWatchedEpisodes))</visible>
												<width>162.5</width>
												<control type="label">
													<height>60</height>
													<align>center</align>
													<label>$INFO[ListItem.Property(UnWatchedEpisodes)]</label>
													<font>font48_bold</font>
													<wrapmultiline>true</wrapmultiline>
													<textcolor>$VAR[UnWatchedEpColor]</textcolor>
												</control>
												<control type="label">
													<top>52</top>
													<height>30</height>
													<align>center</align>
													<label>[LOWERCASE]$LOCALIZE[16101][/LOWERCASE]</label>
													<font>font12</font>
													<textcolor>$VAR[UnWatchedEpColor]</textcolor>
												</control>
											</control>
										</control>
									</control>
								</control>
							</control>
						</control>
					</control>
				</control>
				<!-- Floor Logo + Banner (Landscape - ShowCase - Logo - Wall) -->
				<control type="group">
					<visible>Control.IsVisible(52) | Control.IsVisible(53) | Control.IsVisible(503)</visible>
					<include>ViewAnimation</include>
					<control type="image">
						<left>770</left>
						<top>985</top>
						<width>380</width>
						<height>120</height>
						<texture background="true">$INFO[ListItem.Art(clearlogo)]</texture>
						<visible>!Container.Content(seasons)</visible>
						<visible>[Control.IsVisible(52) + !Container.Content(sets) + Skin.HasSetting(Enable.Landscape.Logo) + [!Skin.HasSetting(Enable.Landscape.BannerLogo) | [Skin.HasSetting(Enable.Landscape.Logo) + Skin.HasSetting(Enable.Landscape.BannerLogo) + String.IsEmpty(Control.GetLabel(915))]]] | [Control.IsVisible(52) + Container.Content(sets) + Skin.HasSetting(Enable.Landscape.SetLogo) + [!Skin.HasSetting(Enable.Landscape.SetBannerLogo) | [Skin.HasSetting(Enable.Landscape.SetLogo) + Skin.HasSetting(Enable.Landscape.SetBannerLogo) + String.IsEmpty(Control.GetLabel(915))]]] | [Control.IsVisible(53) + !Container.Content(sets) + Skin.HasSetting(Enable.ShowCase.Logo) + [!Skin.HasSetting(Enable.ShowCase.BannerLogo) | [Skin.HasSetting(Enable.ShowCase.Logo) + Skin.HasSetting(Enable.ShowCase.BannerLogo) + String.IsEmpty(Control.GetLabel(915))]]] | [Control.IsVisible(53) + Container.Content(sets) + Skin.HasSetting(Enable.ShowCase.SetLogo) + [!Skin.HasSetting(Enable.ShowCase.SetBannerLogo) | [Skin.HasSetting(Enable.ShowCase.SetLogo) + Skin.HasSetting(Enable.ShowCase.SetBannerLogo) + String.IsEmpty(Control.GetLabel(915))]]] | [Control.IsVisible(503) + !Container.Content(sets) + Skin.HasSetting(Enable.Wall.Logo) + [!Skin.HasSetting(Enable.Wall.BannerLogo) | [Skin.HasSetting(Enable.Wall.Logo) + Skin.HasSetting(Enable.Wall.BannerLogo) + String.IsEmpty(Control.GetLabel(915))]]] | [Control.IsVisible(503) + Container.Content(sets) + Skin.HasSetting(Enable.Wall.SetLogo) + [!Skin.HasSetting(Enable.Wall.SetBannerLogo) | [Skin.HasSetting(Enable.Wall.SetLogo) + Skin.HasSetting(Enable.Wall.SetBannerLogo) + String.IsEmpty(Control.GetLabel(915))]]]</visible>
					</control>
					<control type="image" id="915">
						<left>670</left>
						<top>1000</top>
						<width>580</width>
						<height>90</height>
						<texture background="true">$INFO[ListItem.Art(banner)]</texture>
						<visible>[Control.IsVisible(52) + !Container.Content(sets) + Skin.HasSetting(Enable.Landscape.Logo) + Skin.HasSetting(Enable.Landscape.BannerLogo)] | [Control.IsVisible(52) + Container.Content(sets) + Skin.HasSetting(Enable.Landscape.SetLogo) + Skin.HasSetting(Enable.Landscape.SetBannerLogo)] | [Control.IsVisible(53) + !Container.Content(sets) + Skin.HasSetting(Enable.ShowCase.Logo) + Skin.HasSetting(Enable.ShowCase.BannerLogo)] | [Control.IsVisible(53) + Container.Content(sets) + Skin.HasSetting(Enable.ShowCase.SetLogo) + Skin.HasSetting(Enable.ShowCase.SetBannerLogo)] | [Control.IsVisible(53) + Container.Content(seasons) + Skin.HasSetting(Enable.ShowCase.SeasonBanner)] | [Control.IsVisible(503) + !Container.Content(sets) + Skin.HasSetting(Enable.Wall.Logo) + Skin.HasSetting(Enable.Wall.BannerLogo)] | [Control.IsVisible(503) + Container.Content(sets) + Skin.HasSetting(Enable.Wall.SetLogo) + Skin.HasSetting(Enable.Wall.SetBannerLogo)] | [Control.IsVisible(503) + Container.Content(seasons) + Skin.HasSetting(Enable.Wall.SeasonBanner)]</visible>
						<animation effect="slide" end="0,15" time="0" condition="Control.IsVisible(52)">Conditional</animation>
					</control>
				</control>
			</control>
			<!-- Scrollbars -->
			<include>BottomScrollbars</include>
		</control>
		<include condition="!Skin.HasSetting(Disable.ScrollLabel)">ScrollOffsetLabel</include>
		<include>Topbar</include>
		<control type="group">
			<left>-440</left>
			<include>SideBladeLeft</include>
			<control type="grouplist" id="9050">
				<include>MediaMenuTop</include>
				<control type="button" id="6051">
					<description>Show Info Toggle</description>
					<textwidth>255</textwidth>
					<include>ButtonCommonValues</include>
					<label>$LOCALIZE[31018]</label>
					<label2>[COLOR $VAR[ThemeLabelColor]]$VAR[InfoPanelLabelVar][/COLOR]</label2>
					<onclick condition="Control.IsVisible(52)">$VAR[52VideoInfoPanelVar]</onclick>
					<onclick condition="Control.IsVisible(53)">$VAR[53VideoInfoPanelVar]</onclick>
					<onclick condition="Control.IsVisible(57)">$VAR[57VideoInfoPanelVar]</onclick>
					<onclick condition="Control.IsVisible(59)">$VAR[59VideoInfoPanelVar]</onclick>
					<onclick condition="Control.IsVisible(503)">Skin.ToggleSetting(503.InfoPanel)</onclick>
					<onclick condition="Control.IsVisible(601)">$VAR[601VideoInfoPanelVar]</onclick>
					<visible>!Container.Content(genres)</visible>
					<visible>Control.IsVisible(52) | Control.IsVisible(53) | Control.IsVisible(57) | Control.IsVisible(59) | Control.IsVisible(503) | Control.IsVisible(601)</visible>
				</control>
				<control type="radiobutton" id="6052">
					<description>InfoPanel Settings button</description>
					<textwidth>352</textwidth>
					<include>ButtonCommonValues</include>
					<label>   - $LOCALIZE[413]</label>
					<onclick>Skin.ToggleSetting(Enable.ManualInfoPanel)</onclick>
					<onclick condition="!Skin.HasSetting(Enable.ManualInfoPanel)">Skin.Reset(InfoPanel.Delay)</onclick>
					<selected>Skin.HasSetting(Enable.ManualInfoPanel)</selected>
					<visible>!Container.Content(genres) + Window.IsActive(videos) + Control.IsVisible(6051) + [!String.IsEmpty(Control.GetLabel(4420)) | !String.IsEmpty(Control.GetLabel(4421))]</visible>
				</control>
				<control type="button" id="201">
					<description>View options</description>
					<textwidth>352</textwidth>
					<font>font13_title</font>
					<include>ButtonCommonValues</include>
					<label>31026</label>
					<enable>no</enable>
					<disabledcolor>$VAR[ThemeLabelColor]</disabledcolor>
				</control>
				<control type="button" id="10">
					<description>Watched Toggle</description>
					<textwidth>255</textwidth>
					<include>ButtonCommonValues</include>
					<label2>[COLOR $VAR[ThemeLabelColor]]$INFO[Container.NumItems][/COLOR]</label2>
				</control>
				<control type="button" id="11118">
					<description>Search</description>
					<include>ButtonCommonValues</include>
					<label>137</label>
					<onclick>ClearProperty(MediaMenu,Home)</onclick>
					<onclick>SetFocus(50)</onclick>
					<onclick>SetProperty(CustomSelectSearch,True,Home)</onclick>
					<onclick>ActivateWindow(1129)</onclick>
				</control>
				<control type="edit" id="19">
					<visible>Container.CanFilter + !Container.CanFilterAdvanced</visible>
					<description>Filter</description>
					<textwidth>345</textwidth>
					<include>ButtonCommonValues</include>
					<label>587</label>
				</control>
				<control type="button" id="98">
					<visible>Container.CanFilterAdvanced</visible>
					<description>Filter</description>
					<include>ButtonCommonValues</include>
					<label>587</label>
					<onclick>ClearProperty(MediaMenu,Home)</onclick>
					<onclick>SetFocus(50)</onclick>
					<onclick>Filter</onclick>
				</control>
				<control type="radiobutton" id="16">
					<description>PartyMode</description>
					<label>589</label>
					<include>ButtonCommonValues</include>
					<visible>Container.Content(MusicVideos)</visible>
				</control>
				<control type="radiobutton" id="11">
					<description>Unlock Shares</description>
					<textwidth>255</textwidth>
					<include>ButtonCommonValues</include>
					<label>20336</label>
					<onclick>xbmc.mastermode</onclick>
					<selected>system.ismaster</selected>
					<visible>system.haslocks</visible>
				</control>
				<control type="button" id="203">
					<description>View options</description>
					<textwidth>352</textwidth>
					<font>font13_title</font>
					<include>ButtonCommonValues</include>
					<label>31039</label>
					<enable>no</enable>
					<disabledcolor>$VAR[ThemeLabelColor]</disabledcolor>
				</control>
				<control type="togglebutton" id="20">
					<description>Update library</description>
					<include>ButtonCommonValues</include>
					<label>653</label>
					<altlabel>13353</altlabel>
					<usealttexture>library.isscanningvideo</usealttexture>
				</control>
				<control type="button" id="612">
					<description>Go to playlist</description>
					<include>ButtonCommonValues</include>
					<label>13350</label>
					<onclick>ClearProperty(MediaMenu,Home)</onclick>
					<onclick>ActivateWindow(videoplaylist)</onclick>
					<visible>!String.IsEqual(Playlist.Length(video),0)</visible>
				</control>
				<control type="button" id="613">
					<description>Get more</description>
					<include>ButtonCommonValues</include>
					<label>$LOCALIZE[21452]</label>
					<onclick>ClearProperty(MediaMenu,Home)</onclick>
					<onclick>ActivateWindow(addonbrowser,addons://more/video/,return)</onclick>
					<visible>Container.Content(addons)</visible>
				</control>
				<control type="button" id="614">
					<description>Add-on settings</description>
					<include>ButtonCommonValues</include>
					<label>$LOCALIZE[10140]</label>
					<onclick>Addon.OpenSettings($INFO[Container.PluginName])</onclick>
					<visible>!String.IsEmpty(Container.PluginName)</visible>
				</control>
			</control>
			<include>MediaMenuPlayerControls</include>
		</control>
		<control type="group">
			<visible allowhiddenfocus="true">Control.HasFocus(615)</visible>
			<left>880</left>
			<top>310</top>
			<include>VisibleFadeAnimation</include>
			<animation effect="slide" start="0" end="-608,-60" time="1" condition="Control.IsVisible(57)">Conditional</animation>
			<animation effect="slide" start="0" end="0,200" time="1" condition="Control.IsVisible(59)">Conditional</animation>
			<animation effect="slide" start="0" end="0,-200" time="1" condition="Control.IsVisible(505)">Conditional</animation>
			<animation effect="slide" start="0" end="0,155" time="1" condition="Control.IsVisible(506)">Conditional</animation>
			<control type="button" id="615">
				<description>Go to Letter</description>
				<include>HiddenObject</include>
				<onup condition="!Control.IsVisible(506)">SetFocus(50)</onup>
				<ondown condition="!Control.IsVisible(506)">4400</ondown>
				<onup condition="Control.IsVisible(506)">SetFocus(50)</onup>
				<onup condition="Control.IsVisible(506)">Action(prevletter)</onup>
				<onup condition="Control.IsVisible(506)">SetFocus(615)</onup>
				<ondown condition="Control.IsVisible(506)">SetFocus(50)</ondown>
				<ondown condition="Control.IsVisible(506)">Action(nextletter)</ondown>
				<ondown condition="Control.IsVisible(506)">SetFocus(615)</ondown>
				<onleft>SetFocus(50)</onleft>
				<onleft condition="!Control.IsVisible(506)">Action(prevletter)</onleft>
				<onleft condition="!Control.IsVisible(506)">SetFocus(615)</onleft>
				<onright condition="!Control.IsVisible(506)">SetFocus(50)</onright>
				<onright condition="!Control.IsVisible(506)">Action(nextletter)</onright>
				<onright condition="!Control.IsVisible(506)">SetFocus(615)</onright>
				<onright condition="Control.IsVisible(506)">4400</onright>
				<onback>50</onback>
			</control>
			<control type="image">
				<left>-84</left>
				<top>-84</top>
				<width>328</width>
				<height>328</height>
				<texture border="85">sortletter_back.png</texture>
				<animation effect="rotate" end="90" center="auto" condition="Control.IsVisible(506)">Conditional</animation>
			</control>
			<control type="label">
				<top>12</top>
				<width>160</width>
				<height>120</height>
				<align>center</align>
				<label>$INFO[ListItem.SortLetter]</label>
				<font>font_MainMenu</font>
			</control>
		</control>
		<!-- Fullscreen Fanart -->
		<control type="group">
			<visible>!String.IsEmpty(Window(Home).Property(Enable.FullscreenFanart))</visible>
			<include>FullscreenDimensions</include>
			<visible>Window.IsActive(1113)</visible>
			<control type="image">
				<texture>black.png</texture>
			</control>
			<control type="multiimage">
				<include>MultiImageTime</include>
				<animation effect="fade" time="500">Visible</animation>
				<imagepath background="true">$VAR[GlobalBackgroundVar]</imagepath>
			</control>
		</control>
		<control type="button" id="8">
			<include>HiddenObject</include>
		</control>
	</controls>
</window>