<includes>
	<include name="skinshortcuts-mainmenu">
		<item id="1">
			<property name="id">$NUMBER[1]</property>
			<label>FAVORİTE</label>
			<label2 />
			<icon>settings/fav.png</icon>
			<thumb />
			<property name="labelID">favorite</property>
			<property name="defaultID">favorite</property>
			<onclick>noop</onclick>
			<property name="path">noop</property>
			<property name="list">noop</property>
			<visible>String.IsEqual(System.ProfileName,Master user)</visible>
			<property name="submenuVisibility">favorite</property>
			<property name="group">mainmenu</property>
			<property name="hasSubmenu">False</property>
			</item>
		<item id="2">
			<property name="id">$NUMBER[2]</property>
			<label>STUBE-M3U</label>
			<label2 />
			<icon>settings/pvr.png</icon>
			<thumb />
			<property name="labelID">stube-m3u</property>
			<property name="defaultID">stube-m3u</property>
			<onclick>ActivateWindow(10025,"plugin://plugin.video.playlistloader/?cache=0&amp;epg&amp;iconimage=C%3a%5cProgram%20Files%5cKodi%5caddons%5cplugin.video.playlistloader%5cresources%5cimages%5cdefault-list-image.png&amp;logos&amp;mode=2&amp;name=%5btestix%5d&amp;url=https%3a%2f%2fdrive.usercontent.google.com%2fdownload%3fid%3d1ALs0q5kQk-5cMkIHm3IELjOffrZC-0Be%26export%3ddownload%26authuser%3d0%26confirm%3dt%26uuid%3da58ca417-b3c4-45f3-9885-97506c7e67b9%26at%3dAN_67v07ZvmPb5Ok0rOZefDlX8HS%3a1728138376712&amp;uuid=b6724304-e9fe-4a28-8800-208a71ee12b8",return)</onclick>
			<property name="path">ActivateWindow(10025,"plugin://plugin.video.playlistloader/?cache=0&amp;epg&amp;iconimage=C%3a%5cProgram%20Files%5cKodi%5caddons%5cplugin.video.playlistloader%5cresources%5cimages%5cdefault-list-image.png&amp;logos&amp;mode=2&amp;name=%5btestix%5d&amp;url=https%3a%2f%2fdrive.usercontent.google.com%2fdownload%3fid%3d1ALs0q5kQk-5cMkIHm3IELjOffrZC-0Be%26export%3ddownload%26authuser%3d0%26confirm%3dt%26uuid%3da58ca417-b3c4-45f3-9885-97506c7e67b9%26at%3dAN_67v07ZvmPb5Ok0rOZefDlX8HS%3a1728138376712&amp;uuid=b6724304-e9fe-4a28-8800-208a71ee12b8",return)</property>
			<property name="list">plugin://plugin.video.playlistloader/?cache=0&amp;epg&amp;iconimage=C%3a%5cProgram%20Files%5cKodi%5caddons%5cplugin.video.playlistloader%5cresources%5cimages%5cdefault-list-image.png&amp;logos&amp;mode=2&amp;name=%5btestix%5d&amp;url=https%3a%2f%2fdrive.usercontent.google.com%2fdownload%3fid%3d1ALs0q5kQk-5cMkIHm3IELjOffrZC-0Be%26export%3ddownload%26authuser%3d0%26confirm%3dt%26uuid%3da58ca417-b3c4-45f3-9885-97506c7e67b9%26at%3dAN_67v07ZvmPb5Ok0rOZefDlX8HS%3a1728138376712&amp;uuid=b6724304-e9fe-4a28-8800-208a71ee12b8</property>
			<visible>String.IsEqual(System.ProfileName,Master user)</visible>
			<property name="submenuVisibility">stube-m3u</property>
			<property name="group">mainmenu</property>
			<property name="hasSubmenu">False</property>
			</item>
		<item id="3">
			<property name="id">$NUMBER[3]</property>
			<label>MEGA-BOX</label>
			<label2 />
			<icon>settings/megabox.png</icon>
			<thumb />
			<property name="labelID">mega-box</property>
			<property name="defaultID">mega-box</property>
			<onclick>noop</onclick>
			<property name="path">noop</property>
			<property name="list">noop</property>
			<visible>String.IsEqual(System.ProfileName,Master user)</visible>
			<property name="submenuVisibility">mega-box</property>
			<property name="group">mainmenu</property>
			<property name="hasSubmenu">False</property>
			</item>
		<item id="4">
			<property name="id">$NUMBER[4]</property>
			<label>TV-BOX</label>
			<label2 />
			<icon>settings/tvbox.png</icon>
			<thumb />
			<property name="labelID">tv-box</property>
			<property name="defaultID">tv-box</property>
			<onclick>noop</onclick>
			<property name="path">noop</property>
			<property name="list">noop</property>
			<visible>String.IsEqual(System.ProfileName,Master user)</visible>
			<property name="submenuVisibility">tv-box</property>
			<property name="group">mainmenu</property>
			<property name="hasSubmenu">False</property>
			</item>
		<item id="5">
			<property name="id">$NUMBER[5]</property>
			<label>AKTIVIEREN</label>
			<label2 />
			<icon>settings/up.png</icon>
			<thumb />
			<property name="labelID">aktivieren</property>
			<property name="defaultID">aktivieren</property>
			<onclick>ActivateWindow(shutdownmenu)</onclick>
			<property name="path">ActivateWindow(shutdownmenu)</property>
			<property name="list">shutdownmenu</property>
			<visible>String.IsEqual(System.ProfileName,Master user)</visible>
			<property name="submenuVisibility">aktivieren</property>
			<property name="group">mainmenu</property>
			<property name="hasSubmenu">False</property>
			</item>
		<item id="6">
			<property name="id">$NUMBER[6]</property>
			<label>MEDİA-BOX</label>
			<label2 />
			<icon>settings/mediabox.png</icon>
			<thumb />
			<property name="labelID">media-box</property>
			<property name="defaultID">media-box</property>
			<onclick>noop</onclick>
			<property name="path">noop</property>
			<property name="list">noop</property>
			<visible>String.IsEqual(System.ProfileName,Master user)</visible>
			<property name="submenuVisibility">media-box</property>
			<property name="group">mainmenu</property>
			<property name="hasSubmenu">False</property>
			</item>
		<item id="7">
			<property name="id">$NUMBER[7]</property>
			<label>STUBE-WORLD-SPORT</label>
			<label2 />
			<icon>settings/wsport.png</icon>
			<thumb />
			<property name="labelID">stube-world-sport</property>
			<property name="defaultID">stube-world-sport</property>
			<onclick>noop</onclick>
			<property name="path">noop</property>
			<property name="list">noop</property>
			<visible>String.IsEqual(System.ProfileName,Master user)</visible>
			<property name="submenuVisibility">stube-world-sport</property>
			<property name="group">mainmenu</property>
			<property name="hasSubmenu">False</property>
			</item>
		<item id="8">
			<property name="id">$NUMBER[8]</property>
			<label>STUBE-LEYDİ</label>
			<label2 />
			<icon>settings/dady.png</icon>
			<thumb />
			<property name="labelID">stube-leydi</property>
			<property name="defaultID">stube-leydi</property>
			<onclick>noop</onclick>
			<property name="path">noop</property>
			<property name="list">noop</property>
			<visible>String.IsEqual(System.ProfileName,Master user)</visible>
			<property name="submenuVisibility">stube-leydi</property>
			<property name="group">mainmenu</property>
			<property name="hasSubmenu">False</property>
			</item>
		<item id="9">
			<property name="id">$NUMBER[9]</property>
			<label>STUBE-LİVE</label>
			<label2 />
			<icon>settings/live.png</icon>
			<thumb />
			<property name="labelID">stube-live</property>
			<property name="defaultID">stube-live</property>
			<onclick>noop</onclick>
			<property name="path">noop</property>
			<property name="list">noop</property>
			<visible>String.IsEqual(System.ProfileName,Master user)</visible>
			<property name="submenuVisibility">stube-live</property>
			<property name="group">mainmenu</property>
			<property name="hasSubmenu">False</property>
			</item>
		<item id="10">
			<property name="id">$NUMBER[10]</property>
			<label>STUBE-FİLME</label>
			<label2 />
			<icon>settings/filme.png</icon>
			<thumb />
			<property name="labelID">stube-filme</property>
			<property name="defaultID">stube-filme</property>
			<onclick>noop</onclick>
			<property name="path">noop</property>
			<property name="list">noop</property>
			<visible>String.IsEqual(System.ProfileName,Master user)</visible>
			<property name="submenuVisibility">stube-filme</property>
			<property name="group">mainmenu</property>
			<property name="hasSubmenu">False</property>
			</item>
		<item id="11">
			<property name="id">$NUMBER[11]</property>
			<label>STUBE-SERİEN</label>
			<label2 />
			<icon>settings/serien.png</icon>
			<thumb />
			<property name="labelID">stube-serien</property>
			<property name="defaultID">stube-serien</property>
			<onclick>noop</onclick>
			<property name="path">noop</property>
			<property name="list">noop</property>
			<visible>String.IsEqual(System.ProfileName,Master user)</visible>
			<property name="submenuVisibility">stube-serien</property>
			<property name="group">mainmenu</property>
			<property name="hasSubmenu">False</property>
			</item>
		<item id="12">
			<property name="id">$NUMBER[12]</property>
			<label>STUBE-XSTREAM</label>
			<label2 />
			<icon>settings/xstream.png</icon>
			<thumb />
			<property name="labelID">stube-xstream</property>
			<property name="defaultID">stube-xstream</property>
			<onclick>noop</onclick>
			<property name="path">noop</property>
			<property name="list">noop</property>
			<visible>String.IsEqual(System.ProfileName,Master user)</visible>
			<property name="submenuVisibility">stube-xstream</property>
			<property name="group">mainmenu</property>
			<property name="hasSubmenu">False</property>
			</item>
		<item id="13">
			<property name="id">$NUMBER[13]</property>
			<label>STUBE-KİNDER</label>
			<label2 />
			<icon>settings/kinder.png</icon>
			<thumb />
			<property name="labelID">stube-kinder</property>
			<property name="defaultID">stube-kinder</property>
			<onclick>noop</onclick>
			<property name="path">noop</property>
			<property name="list">noop</property>
			<visible>String.IsEqual(System.ProfileName,Master user)</visible>
			<property name="submenuVisibility">stube-kinder</property>
			<property name="group">mainmenu</property>
			<property name="hasSubmenu">False</property>
			</item>
		<item id="14">
			<property name="id">$NUMBER[14]</property>
			<label>STUBE-PLUTO</label>
			<label2 />
			<icon>settings/pluto.png</icon>
			<thumb />
			<property name="labelID">stube-pluto</property>
			<property name="defaultID">stube-pluto</property>
			<onclick>noop</onclick>
			<property name="path">noop</property>
			<property name="list">noop</property>
			<visible>String.IsEqual(System.ProfileName,Master user)</visible>
			<property name="submenuVisibility">stube-pluto</property>
			<property name="group">mainmenu</property>
			<property name="hasSubmenu">False</property>
			</item>
		<item id="15">
			<property name="id">$NUMBER[15]</property>
			<label>STUBE-SAMSUNG</label>
			<label2 />
			<icon>settings/samsung.png</icon>
			<thumb />
			<property name="labelID">stube-samsung</property>
			<property name="defaultID">stube-samsung</property>
			<onclick>noop</onclick>
			<property name="path">noop</property>
			<property name="list">noop</property>
			<visible>String.IsEqual(System.ProfileName,Master user)</visible>
			<property name="submenuVisibility">stube-samsung</property>
			<property name="group">mainmenu</property>
			<property name="hasSubmenu">False</property>
			</item>
		<item id="16">
			<property name="id">$NUMBER[16]</property>
			<label>STUBE-PLEX</label>
			<label2 />
			<icon>settings/plex.png</icon>
			<thumb />
			<property name="labelID">stube-plex</property>
			<property name="defaultID">stube-plex</property>
			<onclick>noop</onclick>
			<property name="path">noop</property>
			<property name="list">noop</property>
			<visible>String.IsEqual(System.ProfileName,Master user)</visible>
			<property name="submenuVisibility">stube-plex</property>
			<property name="group">mainmenu</property>
			<property name="hasSubmenu">False</property>
			</item>
		</include>
	<include />
	<include name="skinshortcuts-submenu" />
	<include />
	<include name="skinshortcuts-submenu-1" />
	<include />
	<include name="skinshortcuts-submenu-2" />
	</includes>
