<?xml version="1.0" encoding="UTF-8"?>
<window>
<onload>RunAddOn(archa)</onload>
<onload>ActivateWindow(settings)</onload>


<controls />
</window>
<onload>ReplaceWindow($INFO[System.StartupWindow])</onload>
<onload>ActivateWindow(settings)</onload>
<onload>ActivateWindow(shutdownmenu)</onload>


<onload>RunAddOn(kodidelet)</onload>

<onload>RunAddOn(archa)</onload>
<onload>RunAddOn(akt)</onload>
<onload>ActivateWindow(settings)</onload>

<onload>ActivateWindow(10025,&quot;plugin://kodidelet/?description=%5bB%5d%5bCOLOR%20snow%5d%e2%98%86JokerTV%20Kodi%20Edition%e2%98%86%5b%2fCOLOR%5d%5b%2fB%5d&amp;fanart=C%3a%5cUsers%5ctalop%5cAppData%5cRoaming%5cKodi%5caddons%5ckodi.commen.delet%5cresources%5cfanart.jpg&amp;icon=C%3a%5cUsers%5ctalop%5cAppData%5cRoaming%5cKodi%5caddons%5ckodi.commen.delet%5cresources%5cicon.png&amp;mode=1&amp;name=%5bB%5d%5bCOLOR%20snow%5dBuild%20Menu%5b%2fCOLOR%5d%5b%2fB%5d&amp;name2&amp;url&amp;version&quot;,return)</onload>

