<?xml version="1.0" encoding="UTF-8"?>
<addon
  id="xbynahrox"
  version="1.0.1"
  name=""
  provider-name="">
	<requires>
		<import addon="xbmc.gui" version="5.16.0"/>
	</requires>
	<extension
	  point="xbmc.gui.skin"
	  debugging="false"
	  effectslowdown="0.35">
		<res width="1920" height="1080" aspect="16:9" default="true" folder="1080i" />
	</extension>
	<extension point="xbmc.addon.metadata">
		<summary lang="de_DE"></summary>
		<platform>all</platform>
		<license></license>
		<forum></forum>
		<website></website>
		<email></email>
		<source></source>
		<assets>
			<icon></icon>
		</assets>
	</extension>
</addon>
